date,currency,rate_to_usd
2018-01-09,CZK,0.04796174
2018-01-10,CZK,0.04796151
2018-01-11,CZK,0.04796401
2018-01-16,CZK,0.04796245
2018-01-17,CZK,0.04796153
2018-01-23,CZK,0.04796146
2018-01-29,CZK,0.04796157
2018-01-31,CZK,0.04796161
2018-02-06,CZK,0.04875687
2018-02-12,CZK,0.04875743
2018-02-15,CZK,0.04875627
2018-02-19,CZK,0.04875554
2018-02-26,CZK,0.04875691
2018-02-27,CZK,0.04875661
2018-03-01,CZK,0.04852045
2018-03-09,CZK,0.04852089
2018-03-12,CZK,0.04852051
2018-03-13,CZK,0.04852052
2018-03-14,CZK,0.04852097
2018-03-19,CZK,0.04852034
2018-03-20,CZK,0.04852105
2018-03-22,CZK,0.04851997
2018-03-27,CZK,0.04852024
2018-03-29,CZK,0.0485213
2018-04-03,CZK,0.04837934
2018-04-09,CZK,0.04837932
2018-04-10,CZK,0.04837958
2018-04-11,CZK,0.04837924
2018-04-16,CZK,0.04837922
2018-04-17,CZK,0.04837931
2018-04-18,CZK,0.04837921
2018-04-20,CZK,0.04837382
2018-04-23,CZK,0.04837967
2018-04-25,CZK,0.04837911
2018-04-26,CZK,0.04837916
2018-04-27,CZK,0.04837887
2018-04-30,CZK,0.04837932
2018-05-02,CZK,0.04612538
2018-05-09,CZK,0.04612544
2018-05-14,CZK,0.04612948
2018-05-15,CZK,0.04612503
2018-05-16,CZK,0.04612517
2018-05-23,CZK,0.04612542
2018-05-28,CZK,0.04612541
2018-05-30,CZK,0.04612554
2018-06-04,CZK,0.04526943
2018-06-05,CZK,0.04526886
2018-06-06,CZK,0.04526954
2018-06-15,CZK,0.0452696
2018-06-19,CZK,0.0452696
2018-06-20,CZK,0.04526944
2018-06-25,CZK,0.04526906
2018-06-26,CZK,0.04526928
2018-06-27,CZK,0.04526857
2018-07-02,CZK,0.04524826
2018-07-03,CZK,0.04524809
2018-07-09,CZK,0.04524849
2018-07-10,CZK,0.04524874
2018-07-16,CZK,0.04524879
2018-07-17,CZK,0.04524897
2018-07-23,CZK,0.04524917
2018-07-24,CZK,0.04524864
2018-07-31,CZK,0.04524889
2018-08-01,CZK,0.04492392
2018-08-02,CZK,0.04492387
2018-08-07,CZK,0.04492369
2018-08-08,CZK,0.04492375
2018-08-23,CZK,0.0449236
2018-08-28,CZK,0.04492369
2018-08-29,CZK,0.04492349
2018-09-03,CZK,0.04545453
2018-09-11,CZK,0.0454541
2018-09-12,CZK,0.04545477
2018-09-24,CZK,0.04545466
2018-09-26,CZK,0.04545481
2018-09-27,CZK,0.04545485
2018-10-09,CZK,0.04448448
2018-10-10,CZK,0.04448375
2018-10-16,CZK,0.04448419
2018-10-17,CZK,0.04448328
2018-10-22,CZK,0.04448356
2018-10-23,CZK,0.04448423
2018-10-25,CZK,0.04448415
2018-10-30,CZK,0.04448399
2018-11-06,CZK,0.04384046
2018-11-07,CZK,0.04383997
2018-11-12,CZK,0.04384035
2018-11-13,CZK,0.04384072
2018-11-19,CZK,0.04384067
2018-11-20,CZK,0.04384058
2018-11-22,CZK,0.04384001
2018-11-26,CZK,0.04384031
2018-11-30,CZK,0.04384055
2018-12-03,CZK,0.04403398
2018-12-04,CZK,0.0440334
2018-12-05,CZK,0.04403365
2018-12-10,CZK,0.04403349
2018-12-11,CZK,0.04403329
2018-12-17,CZK,0.04403351
2019-01-21,CZK,0.04456277
2019-01-22,CZK,0.04456329
2019-01-23,CZK,0.04456332
2019-01-24,CZK,0.04456313
2019-01-28,CZK,0.04456326
2019-01-30,CZK,0.04456331
2019-01-31,CZK,0.04456342
2019-02-05,CZK,0.04415107
2019-02-06,CZK,0.04414969
2019-02-12,CZK,0.04415054
2019-02-13,CZK,0.04414909
2019-02-25,CZK,0.04415008
2019-02-26,CZK,0.04415007
2019-03-04,CZK,0.04399471
2019-03-07,CZK,0.04399454
2019-03-08,CZK,0.04399377
2019-03-12,CZK,0.04399475
2019-03-13,CZK,0.0439946
2019-03-19,CZK,0.04399434
2019-03-25,CZK,0.04399514
2019-03-26,CZK,0.04399474
2019-04-02,CZK,0.04376365
2019-04-09,CZK,0.04376345
2019-04-10,CZK,0.04376375
2019-04-11,CZK,0.0437634
2019-04-12,CZK,0.04376388
2019-04-16,CZK,0.04376395
2019-04-24,CZK,0.04376348
2019-04-29,CZK,0.04376368
2019-05-06,CZK,0.04344065
2019-05-07,CZK,0.04344023
2019-05-09,CZK,0.04344049
2019-05-20,CZK,0.0434407
2019-05-21,CZK,0.04344047
2019-05-22,CZK,0.04344055
2019-06-04,CZK,0.0441502
2019-06-05,CZK,0.04415049
2019-06-06,CZK,0.04415077
2019-06-10,CZK,0.04415006
2019-06-11,CZK,0.04414969
2019-06-12,CZK,0.04415372
2019-06-17,CZK,0.04415034
2019-06-18,CZK,0.04415111
2019-06-19,CZK,0.04415024
2019-06-24,CZK,0.04415122
2019-06-26,CZK,0.04415011
2019-07-02,CZK,0.0438787
2019-07-03,CZK,0.04387877
2019-07-15,CZK,0.04387885
2019-07-17,CZK,0.04387878
2019-07-22,CZK,0.04387966
2019-07-23,CZK,0.04387895
2019-07-25,CZK,0.04387888
2019-07-29,CZK,0.04387921
2019-07-30,CZK,0.04387903
2019-08-06,CZK,0.04310318
2019-08-07,CZK,0.04310344
2019-08-13,CZK,0.04310357
2019-08-14,CZK,0.0431035
2019-08-19,CZK,0.04310334
2019-08-20,CZK,0.04310347
2019-08-22,CZK,0.04310273
2019-08-28,CZK,0.04310342
2019-09-03,CZK,0.04258963
2019-09-04,CZK,0.04258952
2019-09-11,CZK,0.04258913
2019-09-12,CZK,0.04258939
2019-09-16,CZK,0.04258949
2019-09-17,CZK,0.04258953
2019-09-19,CZK,0.04258945
2019-09-24,CZK,0.04258948
2019-09-25,CZK,0.04258927
2019-10-03,CZK,0.04306635
2019-10-10,CZK,0.04306639
2019-10-15,CZK,0.04306572
2019-10-16,CZK,0.04306627
2019-10-21,CZK,0.04306655
2019-10-22,CZK,0.0430663
2019-10-23,CZK,0.04306628
2019-11-04,CZK,0.04329014
2019-11-05,CZK,0.04329022
2019-11-07,CZK,0.04329002
2019-11-08,CZK,0.04328925
2019-11-18,CZK,0.04328921
2019-11-19,CZK,0.04328983
2019-11-20,CZK,0.04329028
2019-11-25,CZK,0.04329
2019-11-27,CZK,0.04329004
2019-11-28,CZK,0.04329021
2019-12-04,CZK,0.04361039
2019-12-09,CZK,0.0436111
2019-12-12,CZK,0.04361099
2019-12-18,CZK,0.04361106
2020-01-06,CZK,0.04403352
2020-01-07,CZK,0.04403386
2020-01-13,CZK,0.04403512
2020-01-20,CZK,0.04403371
2020-01-22,CZK,0.04403345
2020-01-24,CZK,0.04403323
2020-01-29,CZK,0.04403342
2020-01-30,CZK,0.04403303
2020-02-04,CZK,0.04353524
2020-02-05,CZK,0.04353481
2020-02-10,CZK,0.04353518
2020-02-11,CZK,0.04353458
2020-02-13,CZK,0.04353529
2020-02-20,CZK,0.04353495
2020-02-21,CZK,0.04353492
2020-02-24,CZK,0.04353525
2020-02-25,CZK,0.04353524
2020-02-26,CZK,0.04353516
2020-03-03,CZK,0.04159871
2020-03-04,CZK,0.04159814
2020-03-05,CZK,0.04159727
2020-03-10,CZK,0.04159742
2020-03-19,CZK,0.04159731
2020-03-20,CZK,0.04159705
2020-03-30,CZK,0.04159708
2020-03-31,CZK,0.04159732
2020-04-01,CZK,0.03985655
2020-04-02,CZK,0.03985655
2020-04-06,CZK,0.03985663
2020-04-07,CZK,0.03985629
2020-04-08,CZK,0.03985704
2020-04-14,CZK,0.03985663
2020-04-15,CZK,0.03985665
2020-04-22,CZK,0.03985658
2020-04-27,CZK,0.03985652
2020-04-29,CZK,0.03985658
2020-04-30,CZK,0.03985688
2020-05-04,CZK,0.04001624
2020-05-13,CZK,0.04001601
2020-05-14,CZK,0.04001639
2020-05-15,CZK,0.04001591
2020-05-19,CZK,0.04001596
2020-05-21,CZK,0.04001613
2020-05-25,CZK,0.04001594
2020-05-26,CZK,0.04001511
2020-05-27,CZK,0.0400161
2020-06-02,CZK,0.04221208
2020-06-08,CZK,0.04221191
2020-06-10,CZK,0.04221157
2020-06-11,CZK,0.0422113
2020-06-15,CZK,0.04221176
2020-06-22,CZK,0.0422118
2020-06-23,CZK,0.0422118
2020-06-25,CZK,0.0422115
2020-06-29,CZK,0.04221187
2020-07-01,CZK,0.04321511
2020-07-08,CZK,0.04321573
2020-07-14,CZK,0.04321611
2020-07-15,CZK,0.04321496
2020-07-16,CZK,0.04321664
2020-07-22,CZK,0.04321539
2020-07-23,CZK,0.04321509
2020-07-24,CZK,0.04321466
2020-07-29,CZK,0.0432155
2020-07-31,CZK,0.0432151
2020-08-03,CZK,0.04520797
2020-08-05,CZK,0.04520772
2020-08-06,CZK,0.0452081
2020-08-17,CZK,0.04520761
2020-08-20,CZK,0.04520796
2020-08-27,CZK,0.04520801
2020-08-28,CZK,0.04520795
2020-08-31,CZK,0.04520782
2020-09-01,CZK,0.0440729
2020-09-02,CZK,0.0440719
2020-09-04,CZK,0.04407191
2020-09-07,CZK,0.0440724
2020-09-10,CZK,0.04407214
2020-09-14,CZK,0.04407255
2020-09-15,CZK,0.04407238
2020-09-18,CZK,0.04407248
2020-09-21,CZK,0.04407248
2020-09-23,CZK,0.04407178
2020-09-29,CZK,0.04407225
2020-10-05,CZK,0.04325231
2020-10-07,CZK,0.04325263
2020-10-08,CZK,0.04325274
2020-10-13,CZK,0.04325272
2020-10-14,CZK,0.04325228
2020-10-15,CZK,0.04325264
2020-10-19,CZK,0.04325134
2020-10-26,CZK,0.0432522
2020-10-29,CZK,0.04325255
2020-11-02,CZK,0.04476278
2020-11-03,CZK,0.0447626
2020-11-06,CZK,0.04476269
2020-11-09,CZK,0.0447632
2020-11-11,CZK,0.04476156
2020-11-18,CZK,0.04476251
2020-11-23,CZK,0.04476264
2020-11-25,CZK,0.04476292
2020-11-26,CZK,0.04476303
2020-11-27,CZK,0.04476287
2020-11-30,CZK,0.04476265
2020-12-02,CZK,0.04631782
2020-12-03,CZK,0.04631698
2020-12-10,CZK,0.0463144
2020-12-14,CZK,0.04631772
2020-12-15,CZK,0.04631807
2020-12-16,CZK,0.04631768
2020-12-21,CZK,0.04631781
2020-12-28,CZK,0.04631786
2021-01-05,CZK,0.04655485
2021-01-11,CZK,0.04655522
2021-01-18,CZK,0.04655502
2021-01-25,CZK,0.04655486
2021-01-27,CZK,0.04655499
2021-02-01,CZK,0.04675106
2021-02-02,CZK,0.04675083
2021-02-08,CZK,0.04675056
2021-02-09,CZK,0.04675072
2021-02-10,CZK,0.0467509
2021-02-23,CZK,0.04675054
2021-02-24,CZK,0.04675078
2021-02-25,CZK,0.04675059
2021-03-08,CZK,0.04545556
2021-03-09,CZK,0.04545485
2021-03-15,CZK,0.04545464
2021-03-17,CZK,0.04545483
2021-03-24,CZK,0.04545442
2021-03-29,CZK,0.04545471
2021-03-30,CZK,0.04545478
2021-03-31,CZK,0.0454544
2021-04-06,CZK,0.04612554
2021-04-08,CZK,0.04612569
2021-04-12,CZK,0.04612547
2021-04-14,CZK,0.04612542
2021-04-19,CZK,0.04612549
2021-04-26,CZK,0.04612545
2021-04-29,CZK,0.0461256
2021-05-05,CZK,0.04755105
2021-05-11,CZK,0.04755104
2021-05-12,CZK,0.04755052
2021-05-13,CZK,0.04755082
2021-05-17,CZK,0.04755118
2021-05-19,CZK,0.04755108
2021-05-31,CZK,0.04755115
2021-06-01,CZK,0.04728129
2021-06-02,CZK,0.04728145
2021-06-09,CZK,0.047282
2021-06-10,CZK,0.04728176
2021-06-15,CZK,0.04728154
2021-06-16,CZK,0.04728126
2021-06-22,CZK,0.04728108
2021-06-23,CZK,0.0472812
2021-06-29,CZK,0.04728123
2021-06-30,CZK,0.04728146
2021-07-08,CZK,0.04616796
2021-07-12,CZK,0.04616811
2021-07-14,CZK,0.04616759
2021-07-19,CZK,0.04616818
2021-07-20,CZK,0.04616802
2021-07-22,CZK,0.04616814
2021-07-23,CZK,0.04616899
2021-07-28,CZK,0.04616819
2021-08-04,CZK,0.04623214
2021-08-05,CZK,0.04623217
2021-08-12,CZK,0.04623217
2021-08-13,CZK,0.04623234
2021-08-17,CZK,0.04623199
2021-08-23,CZK,0.04623214
2021-08-24,CZK,0.04623219
2021-08-30,CZK,0.04623236
2021-09-07,CZK,0.04636088
2021-09-14,CZK,0.04636066
2021-09-15,CZK,0.04636063
2021-09-21,CZK,0.04636124
2021-09-22,CZK,0.04635936
2021-10-04,CZK,0.04547517
2021-10-05,CZK,0.04547539
2021-10-06,CZK,0.04547561
2021-10-11,CZK,0.04547543
2021-10-12,CZK,0.04547501
2021-10-13,CZK,0.04547509
2021-10-14,CZK,0.04547535
2021-10-18,CZK,0.0454745
2021-10-21,CZK,0.04547529
2021-10-25,CZK,0.04547535
2021-10-26,CZK,0.04547513
2021-11-02,CZK,0.04492318
2021-11-03,CZK,0.04492451
2021-11-09,CZK,0.04492393
2021-11-10,CZK,0.04492371
2021-11-18,CZK,0.04492412
2021-11-22,CZK,0.04492369
2021-11-24,CZK,0.04492371
2021-11-26,CZK,0.04492374
2021-11-29,CZK,0.04492342
2021-11-30,CZK,0.0449237
2021-12-01,CZK,0.04480201
2021-12-06,CZK,0.04480282
2021-12-08,CZK,0.04480288
2021-12-13,CZK,0.04480293
2021-12-15,CZK,0.04480279
2021-12-27,CZK,0.04480273
2022-01-05,CZK,0.04623179
2022-01-12,CZK,0.04623221
2022-01-17,CZK,0.04623251
2022-01-19,CZK,0.04623223
2022-01-24,CZK,0.04623196
2022-01-25,CZK,0.0462337
2022-02-02,CZK,0.04636059
2022-02-09,CZK,0.04636064
2022-02-14,CZK,0.04636063
2022-02-18,CZK,0.04636027
2022-02-23,CZK,0.04636097
2022-02-24,CZK,0.04636073
2022-03-02,CZK,0.04403337
2022-03-08,CZK,0.04403375
2022-03-09,CZK,0.04403359
2022-03-15,CZK,0.04403416
2022-03-16,CZK,0.04403297
2022-03-22,CZK,0.04403399
2022-03-23,CZK,0.04403405
2022-03-29,CZK,0.0440328
2022-03-30,CZK,0.04403364
2022-03-31,CZK,0.04403332
2022-04-04,CZK,0.04426733
2022-04-05,CZK,0.04426638
2022-04-06,CZK,0.04426773
2022-04-07,CZK,0.04426737
2022-04-12,CZK,0.04426782
2022-04-19,CZK,0.04426746
2022-04-21,CZK,0.04427748
2022-04-26,CZK,0.04426737
2022-04-27,CZK,0.04426746
2022-05-03,CZK,0.04271716
2022-05-04,CZK,0.04271677
2022-05-09,CZK,0.04271699
2022-05-10,CZK,0.04271647
2022-05-11,CZK,0.0427167
2022-05-17,CZK,0.04271681
2022-05-18,CZK,0.04271697
2022-05-23,CZK,0.04271694
2022-05-24,CZK,0.04271675
2022-05-30,CZK,0.04271746
2022-06-07,CZK,0.04275274
2022-06-08,CZK,0.04275336
2022-06-09,CZK,0.04275362
2022-06-21,CZK,0.04275334
2022-06-22,CZK,0.04275339
2022-06-28,CZK,0.04275337
2022-06-29,CZK,0.04275325
2022-06-30,CZK,0.04275356
2022-07-12,CZK,0.04145916
2022-07-13,CZK,0.04145945
2022-07-14,CZK,0.04146002
2022-07-15,CZK,0.04145938
2022-07-18,CZK,0.0414595
2022-07-25,CZK,0.04145935
2022-07-27,CZK,0.04145938
2022-08-01,CZK,0.04122071
2022-08-02,CZK,0.04122035
2022-08-03,CZK,0.04122002
2022-08-15,CZK,0.04121998
2022-08-17,CZK,0.04122015
2022-09-01,CZK,0.04032278
2022-09-02,CZK,0.04032295
2022-09-12,CZK,0.0403223
2022-09-13,CZK,0.04032327
2022-09-19,CZK,0.04032043
2022-09-21,CZK,0.04032253
2022-09-22,CZK,0.04032192
2022-09-29,CZK,0.04032276
2022-10-03,CZK,0.04011224
2022-10-06,CZK,0.04011307
2022-10-10,CZK,0.04011239
2022-10-11,CZK,0.04011236
2022-10-12,CZK,0.04011188
2022-10-19,CZK,0.04011206
2022-10-26,CZK,0.04011236
2022-11-02,CZK,0.04196451
2022-11-09,CZK,0.04196413
2022-11-21,CZK,0.04196385
2022-11-22,CZK,0.04196398
2022-11-23,CZK,0.04196395
2022-11-30,CZK,0.04196358
2022-12-06,CZK,0.04366717
2022-12-13,CZK,0.04366814
2022-12-14,CZK,0.04366736
2022-12-15,CZK,0.04366868
2022-12-19,CZK,0.04366832
2022-12-21,CZK,0.04366809
2022-12-27,CZK,0.04366706
2023-01-03,CZK,0.04504562
2023-01-10,CZK,0.04504584
2023-01-11,CZK,0.0450451
2023-01-16,CZK,0.04504489
2023-01-18,CZK,0.04504445
2023-01-25,CZK,0.04504545
2023-02-01,CZK,0.0451264
2023-02-08,CZK,0.04512657
2023-02-09,CZK,0.04512654
2023-02-14,CZK,0.04512609
2023-02-20,CZK,0.04512674
2023-02-27,CZK,0.04512624
2023-02-28,CZK,0.04512666
2023-03-01,CZK,0.04520911
2023-03-13,CZK,0.04520825
2023-03-15,CZK,0.04520832
2023-03-22,CZK,0.04520795
2023-03-27,CZK,0.04520757
2023-03-29,CZK,0.04520809
2023-03-30,CZK,0.04520812
2023-04-03,CZK,0.04677281
2023-04-05,CZK,0.04677259
2023-04-12,CZK,0.04677306
2023-04-13,CZK,0.04677256
2023-04-17,CZK,0.04677267
2023-04-19,CZK,0.04677277
2023-04-26,CZK,0.04677274
2023-05-09,CZK,0.04601968
2023-05-10,CZK,0.04601933
2023-05-11,CZK,0.04601898
2023-05-12,CZK,0.04601946
2023-05-15,CZK,0.04601893
2023-05-16,CZK,0.04601954
2023-05-25,CZK,0.04602034
2023-05-29,CZK,0.04601942
2023-06-01,CZK,0.04576654
2023-06-02,CZK,0.04576672
2023-06-05,CZK,0.0457667
2023-06-07,CZK,0.04576675
2023-06-15,CZK,0.04576683
2023-06-19,CZK,0.04576671
2023-06-21,CZK,0.04576668
2023-06-27,CZK,0.04576523
2023-06-28,CZK,0.04576669
2023-07-11,CZK,0.04629643
2023-07-12,CZK,0.04629638
2023-07-13,CZK,0.04629586
2023-07-17,CZK,0.04629617
2023-07-19,CZK,0.0462963
2023-07-26,CZK,0.04629633
2023-08-07,CZK,0.04522821
2023-08-09,CZK,0.04522839
2023-08-11,CZK,0.0452282
2023-08-23,CZK,0.04522882
2023-08-28,CZK,0.04522842
2023-08-30,CZK,0.04522839
2023-09-06,CZK,0.04378331
2023-09-13,CZK,0.04378308
2023-09-15,CZK,0.0437827
2023-09-18,CZK,0.04378281
2023-09-20,CZK,0.04378285
2023-09-22,CZK,0.04378275
2023-09-26,CZK,0.04378326
2023-10-04,CZK,0.04299224
2023-10-05,CZK,0.04299234
2023-10-09,CZK,0.04299235
2023-10-12,CZK,0.04299103
2023-10-16,CZK,0.04299202
2023-10-25,CZK,0.0429923
2023-10-30,CZK,0.0429923
2023-11-08,CZK,0.0442283
2023-11-14,CZK,0.04422802
2023-11-15,CZK,0.04422847
2023-11-20,CZK,0.0442283
2023-11-22,CZK,0.04422788
2023-11-24,CZK,0.04422522
2023-12-06,CZK,0.04460347
2023-12-14,CZK,0.04460299
2023-12-15,CZK,0.04460245
2023-12-18,CZK,0.04460291
2023-12-20,CZK,0.04460353
2023-12-21,CZK,0.04460271
2024-01-02,CZK,0.04393628
2024-01-08,CZK,0.04393641
2024-01-09,CZK,0.04393746
2024-01-11,CZK,0.04393653
2024-01-15,CZK,0.04393673
2024-01-16,CZK,0.04393827
2024-01-23,CZK,0.0439368
2024-01-30,CZK,0.04393706
2024-01-31,CZK,0.0439366
2024-02-01,CZK,0.04295566
2024-02-07,CZK,0.04295398
2024-02-14,CZK,0.04295517
2024-02-20,CZK,0.04295573
2024-02-21,CZK,0.04295531
2024-02-22,CZK,0.04295536
2024-02-23,CZK,0.04295502
2024-02-26,CZK,0.04295529
2024-02-28,CZK,0.04295557
2024-02-29,CZK,0.04295508
2024-03-06,CZK,0.0429539
2024-03-07,CZK,0.04295536
2024-03-20,CZK,0.04295551
2024-03-28,CZK,0.04295539
2024-04-05,CZK,0.04242687
2024-04-08,CZK,0.04242682
2024-04-10,CZK,0.04242669
2024-04-17,CZK,0.04242667
2024-04-18,CZK,0.04242679
2024-04-25,CZK,0.04242657
2024-04-30,CZK,0.04242706
2024-05-06,CZK,0.04357287
2024-05-07,CZK,0.04357318
2024-05-09,CZK,0.04357286
2024-05-15,CZK,0.04357282
2024-05-21,CZK,0.04357293
2024-05-28,CZK,0.04357292
2024-05-29,CZK,0.04357289
2024-06-06,CZK,0.04340137
2024-06-10,CZK,0.04340278
2024-06-12,CZK,0.04340279
2024-06-13,CZK,0.04340158
2024-06-19,CZK,0.04340266
2024-07-01,CZK,0.04291825
2024-07-10,CZK,0.04291302
2024-07-15,CZK,0.04291896
2024-07-16,CZK,0.04291822
2024-07-17,CZK,0.04291971
2024-07-24,CZK,0.04291834
2024-08-08,CZK,0.04377898
2024-08-09,CZK,0.04378324
2024-08-12,CZK,0.04378475
2024-08-14,CZK,0.04378277
2024-08-21,CZK,0.04378277
2024-08-26,CZK,0.04378302
2024-08-29,CZK,0.04378297
2024-09-03,CZK,0.04426739
2024-09-04,CZK,0.04426848
2024-09-09,CZK,0.04426719
2024-09-11,CZK,0.04426739
2024-09-17,CZK,0.04426835
2024-09-24,CZK,0.04426793
2024-09-25,CZK,0.044268
2024-10-03,CZK,0.04306618
2024-10-08,CZK,0.04306653
2024-10-14,CZK,0.0430661
2024-10-18,CZK,0.04306629
2024-10-21,CZK,0.04306627
2024-10-24,CZK,0.04306594
2024-10-29,CZK,0.04306625
2024-10-30,CZK,0.04306666
2024-10-31,CZK,0.04306651
2024-11-05,CZK,0.04198195
2024-11-06,CZK,0.04198152
2024-11-07,CZK,0.04198179
2024-11-18,CZK,0.0419823
2024-11-22,CZK,0.04198196
2024-11-25,CZK,0.04198173
2024-11-28,CZK,0.04198155
2024-12-02,CZK,0.04166701
2024-12-04,CZK,0.04166577
2024-12-05,CZK,0.04166667
2024-12-09,CZK,0.04166662
2024-12-10,CZK,0.04166621
2024-12-17,CZK,0.04166717
2024-12-18,CZK,0.04166671
2024-12-19,CZK,0.04166686
2024-12-30,CZK,0.04166681
2025-01-01,CZK,0.04111864
2025-01-13,CZK,0.0411183
2025-01-15,CZK,0.04111862
2025-01-21,CZK,0.04111853
2025-01-28,CZK,0.0411183
2025-01-31,CZK,0.04111828
2025-02-03,CZK,0.04151057
2025-02-10,CZK,0.04150277
2025-02-11,CZK,0.04151157
2025-02-12,CZK,0.04151016
2025-02-18,CZK,0.04151101
2025-02-19,CZK,0.04151113
2025-02-20,CZK,0.04151068
2025-02-24,CZK,0.04151141
2025-02-27,CZK,0.04151122
2025-03-03,CZK,0.04317811
2025-03-04,CZK,0.04317769
2025-03-05,CZK,0.04317802
2025-03-06,CZK,0.0431779
2025-03-28,CZK,0.04317818
2025-03-31,CZK,0.04317754
2025-04-01,CZK,0.04482355
2025-04-02,CZK,0.04482349
2025-04-08,CZK,0.04482279
2025-04-09,CZK,0.0448233
2025-04-17,CZK,0.04482243
2025-04-23,CZK,0.04482258
2025-04-24,CZK,0.04482304
2025-04-25,CZK,0.04482324
2025-04-28,CZK,0.04482332
2025-05-02,CZK,0.04524849
2025-05-06,CZK,0.04524883
2025-05-07,CZK,0.045249
2025-05-12,CZK,0.04524908
2025-05-13,CZK,0.04524914
2025-05-14,CZK,0.0452482
2025-05-15,CZK,0.04524858
2025-05-16,CZK,0.04524607
2025-05-20,CZK,0.04524889
2025-05-21,CZK,0.0452488
2025-05-28,CZK,0.0452502
2025-06-02,CZK,0.04649057
2025-06-03,CZK,0.04649053
2025-06-04,CZK,0.04649031
2025-06-11,CZK,0.04648995
2025-06-12,CZK,0.04648977
2025-06-16,CZK,0.04649008
2025-06-23,CZK,0.04649117
2025-07-01,CZK,0.04746089
2025-07-02,CZK,0.04746102
2025-07-03,CZK,0.04746099
2025-07-07,CZK,0.04746038
2025-07-09,CZK,0.04746066
2025-07-10,CZK,0.04746046
2025-07-14,CZK,0.04746114
2025-07-15,CZK,0.04746183
2025-07-21,CZK,0.04746101
2025-07-22,CZK,0.04746047
2025-07-29,CZK,0.04746039
2025-07-30,CZK,0.04746084
2025-08-05,CZK,0.04757392
2025-08-06,CZK,0.04757347
2025-08-20,CZK,0.04757411
2025-08-25,CZK,0.04757398
2025-08-27,CZK,0.04757473
2025-09-09,CZK,0.04821582
2025-09-10,CZK,0.04821595
2025-09-23,CZK,0.04821569
2025-09-24,CZK,0.04821618
2025-10-07,CZK,0.047893
2025-10-08,CZK,0.04789286
2025-10-13,CZK,0.04789333
2025-10-14,CZK,0.04789302
2025-10-15,CZK,0.04789249
2025-10-21,CZK,0.04789387
2025-10-22,CZK,0.04789217
2025-10-23,CZK,0.04788956
2025-11-06,CZK,0.04771005
2025-11-07,CZK,0.0477101
2025-11-11,CZK,0.04770962
2025-11-12,CZK,0.0477102
2025-11-13,CZK,0.04770974
2025-11-24,CZK,0.04771025
2025-11-25,CZK,0.04770956
2025-12-01,CZK,0.04828585
2025-12-03,CZK,0.04828631
2025-12-09,CZK,0.0482859
2025-12-10,CZK,0.04828559
2025-12-17,CZK,0.04828587
2025-12-19,CZK,0.04828591
2026-01-14,CZK,0.04837932
2026-01-15,CZK,0.04837933
2026-01-16,CZK,0.04837943
2026-01-19,CZK,0.04837906
2026-01-20,CZK,0.04837932
2026-01-27,CZK,0.04837938
2026-01-28,CZK,0.0483792
2026-02-20,CZK,0.04875678
2026-02-24,CZK,0.04875665
2026-02-25,CZK,0.04875673
2026-02-26,CZK,0.04875659
2026-03-03,CZK,0.0472806
2026-03-11,CZK,0.04728255
2026-03-12,CZK,0.04728104
2026-03-20,CZK,0.04728146
2026-03-23,CZK,0.04728121
2026-03-24,CZK,0.04728043
2026-03-25,CZK,0.04728098
2018-01-02,EUR,1.2345647
2018-01-03,EUR,1.23456835
2018-01-04,EUR,1.23456845
2018-01-05,EUR,1.23457016
2018-01-08,EUR,1.23456618
2018-01-09,EUR,1.23457032
2018-01-10,EUR,1.23456668
2018-01-11,EUR,1.23456943
2018-01-12,EUR,1.23456428
2018-01-15,EUR,1.23456777
2018-01-16,EUR,1.23456902
2018-01-17,EUR,1.23456652
2018-01-18,EUR,1.23456776
2018-01-19,EUR,1.23456931
2018-01-22,EUR,1.23456764
2018-01-23,EUR,1.23456999
2018-01-24,EUR,1.23457043
2018-01-25,EUR,1.23456676
2018-01-29,EUR,1.23456869
2018-01-30,EUR,1.23456524
2018-01-31,EUR,1.23456941
2018-02-01,EUR,1.2345674
2018-02-02,EUR,1.23457329
2018-02-05,EUR,1.23457055
2018-02-06,EUR,1.23456787
2018-02-07,EUR,1.23456879
2018-02-08,EUR,1.23456928
2018-02-09,EUR,1.23456842
2018-02-12,EUR,1.23456759
2018-02-13,EUR,1.23456716
2018-02-14,EUR,1.2345616
2018-02-15,EUR,1.23456678
2018-02-16,EUR,1.23456715
2018-02-19,EUR,1.23456995
2018-02-20,EUR,1.23456906
2018-02-21,EUR,1.23456784
2018-02-22,EUR,1.23457287
2018-02-23,EUR,1.23456817
2018-02-26,EUR,1.23456833
2018-02-27,EUR,1.23456837
2018-02-28,EUR,1.23456622
2018-03-01,EUR,1.23456356
2018-03-05,EUR,1.23456712
2018-03-06,EUR,1.23456724
2018-03-07,EUR,1.23456968
2018-03-08,EUR,1.23456925
2018-03-09,EUR,1.23457078
2018-03-12,EUR,1.23456986
2018-03-13,EUR,1.23457076
2018-03-14,EUR,1.23456845
2018-03-15,EUR,1.2345707
2018-03-16,EUR,1.23456805
2018-03-19,EUR,1.23456675
2018-03-20,EUR,1.23457186
2018-03-21,EUR,1.23456866
2018-03-22,EUR,1.23457016
2018-03-23,EUR,1.23456708
2018-03-26,EUR,1.23456829
2018-03-27,EUR,1.23456893
2018-03-28,EUR,1.23456997
2018-03-29,EUR,1.23457125
2018-04-03,EUR,1.23456709
2018-04-04,EUR,1.2345679
2018-04-05,EUR,1.23457384
2018-04-06,EUR,1.23457245
2018-04-09,EUR,1.23456895
2018-04-10,EUR,1.23456659
2018-04-11,EUR,1.23457011
2018-04-12,EUR,1.23456859
2018-04-13,EUR,1.23456585
2018-04-16,EUR,1.23456935
2018-04-17,EUR,1.23456861
2018-04-18,EUR,1.23456709
2018-04-19,EUR,1.23456824
2018-04-20,EUR,1.23456645
2018-04-23,EUR,1.2345671
2018-04-24,EUR,1.23456781
2018-04-25,EUR,1.23456924
2018-04-26,EUR,1.23456732
2018-04-27,EUR,1.23456553
2018-04-30,EUR,1.23456672
2018-05-02,EUR,1.19047427
2018-05-03,EUR,1.1904735
2018-05-04,EUR,1.19047294
2018-05-07,EUR,1.19047632
2018-05-08,EUR,1.19047653
2018-05-09,EUR,1.19048001
2018-05-11,EUR,1.19047405
2018-05-14,EUR,1.19047389
2018-05-15,EUR,1.19047714
2018-05-16,EUR,1.19047741
2018-05-17,EUR,1.19047535
2018-05-18,EUR,1.19047049
2018-05-22,EUR,1.19047534
2018-05-23,EUR,1.19047426
2018-05-24,EUR,1.1904754
2018-05-25,EUR,1.19047902
2018-05-28,EUR,1.19047828
2018-05-29,EUR,1.19047311
2018-05-30,EUR,1.19047411
2018-06-01,EUR,1.17647946
2018-06-04,EUR,1.17646892
2018-06-05,EUR,1.17647583
2018-06-06,EUR,1.17646975
2018-06-07,EUR,1.17646833
2018-06-08,EUR,1.17646752
2018-06-11,EUR,1.17647068
2018-06-12,EUR,1.17647168
2018-06-13,EUR,1.17646795
2018-06-14,EUR,1.17647176
2018-06-15,EUR,1.17647141
2018-06-18,EUR,1.17647021
2018-06-19,EUR,1.17647128
2018-06-20,EUR,1.17647226
2018-06-21,EUR,1.17646544
2018-06-22,EUR,1.1764665
2018-06-25,EUR,1.17647301
2018-06-26,EUR,1.17647022
2018-06-27,EUR,1.17647268
2018-06-28,EUR,1.17646896
2018-06-29,EUR,1.17647571
2018-07-02,EUR,1.17646964
2018-07-03,EUR,1.17646999
2018-07-04,EUR,1.17646965
2018-07-05,EUR,1.17647544
2018-07-06,EUR,1.17647333
2018-07-09,EUR,1.17646904
2018-07-10,EUR,1.17646879
2018-07-11,EUR,1.17646753
2018-07-12,EUR,1.1764649
2018-07-13,EUR,1.17646961
2018-07-16,EUR,1.1764703
2018-07-17,EUR,1.17647104
2018-07-18,EUR,1.17647049
2018-07-19,EUR,1.17646882
2018-07-20,EUR,1.17646993
2018-07-23,EUR,1.176471
2018-07-24,EUR,1.17646976
2018-07-25,EUR,1.17647191
2018-07-26,EUR,1.17647089
2018-07-27,EUR,1.176469
2018-07-30,EUR,1.17646997
2018-07-31,EUR,1.17647154
2018-08-01,EUR,1.16279176
2018-08-02,EUR,1.16278642
2018-08-03,EUR,1.16279271
2018-08-06,EUR,1.16279545
2018-08-07,EUR,1.16278897
2018-08-08,EUR,1.16279018
2018-08-09,EUR,1.16279108
2018-08-10,EUR,1.16279114
2018-08-13,EUR,1.16279186
2018-08-14,EUR,1.1627901
2018-08-15,EUR,1.16279085
2018-08-16,EUR,1.16279117
2018-08-17,EUR,1.1627872
2018-08-20,EUR,1.16278741
2018-08-21,EUR,1.16278993
2018-08-22,EUR,1.16279252
2018-08-23,EUR,1.16278875
2018-08-24,EUR,1.16279691
2018-08-27,EUR,1.16279192
2018-08-28,EUR,1.16279164
2018-08-29,EUR,1.16278636
2018-08-30,EUR,1.16279139
2018-08-31,EUR,1.16279191
2018-09-03,EUR,1.17646947
2018-09-04,EUR,1.17647564
2018-09-05,EUR,1.17647165
2018-09-06,EUR,1.17647078
2018-09-07,EUR,1.17648438
2018-09-10,EUR,1.17646879
2018-09-11,EUR,1.17647494
2018-09-12,EUR,1.17647025
2018-09-13,EUR,1.17647324
2018-09-14,EUR,1.17636364
2018-09-17,EUR,1.17647125
2018-09-18,EUR,1.17647086
2018-09-19,EUR,1.17647635
2018-09-20,EUR,1.17647107
2018-09-21,EUR,1.17647668
2018-09-24,EUR,1.17647331
2018-09-25,EUR,1.1764695
2018-09-26,EUR,1.17646487
2018-09-27,EUR,1.17647051
2018-09-28,EUR,1.17646604
2018-10-01,EUR,1.16279178
2018-10-02,EUR,1.16279508
2018-10-04,EUR,1.16279019
2018-10-05,EUR,1.16279017
2018-10-08,EUR,1.1627906
2018-10-09,EUR,1.16278885
2018-10-10,EUR,1.16279244
2018-10-11,EUR,1.16278979
2018-10-12,EUR,1.16279294
2018-10-15,EUR,1.16279003
2018-10-16,EUR,1.16278949
2018-10-17,EUR,1.16279015
2018-10-18,EUR,1.16278998
2018-10-19,EUR,1.16279013
2018-10-22,EUR,1.1627905
2018-10-23,EUR,1.16278959
2018-10-24,EUR,1.1627911
2018-10-25,EUR,1.1627898
2018-10-26,EUR,1.16280397
2018-10-29,EUR,1.16278674
2018-10-30,EUR,1.16279177
2018-10-31,EUR,1.16278954
2018-11-01,EUR,1.14942377
2018-11-02,EUR,1.14942169
2018-11-05,EUR,1.14942693
2018-11-06,EUR,1.14942499
2018-11-07,EUR,1.14942415
2018-11-08,EUR,1.14942419
2018-11-09,EUR,1.14941685
2018-11-12,EUR,1.14942811
2018-11-13,EUR,1.14942323
2018-11-14,EUR,1.14942526
2018-11-15,EUR,1.1494231
2018-11-16,EUR,1.14942577
2018-11-19,EUR,1.1494278
2018-11-20,EUR,1.14942861
2018-11-21,EUR,1.14942477
2018-11-22,EUR,1.14942277
2018-11-23,EUR,1.14942147
2018-11-26,EUR,1.14942522
2018-11-27,EUR,1.14942643
2018-11-28,EUR,1.14942283
2018-11-29,EUR,1.14942636
2018-11-30,EUR,1.14942967
2018-12-03,EUR,1.14942563
2018-12-04,EUR,1.14942864
2018-12-05,EUR,1.14942472
2018-12-06,EUR,1.14942432
2018-12-07,EUR,1.14942312
2018-12-10,EUR,1.14942264
2018-12-11,EUR,1.14942692
2018-12-12,EUR,1.14942583
2018-12-13,EUR,1.14942443
2018-12-14,EUR,1.14942513
2018-12-17,EUR,1.14942281
2018-12-18,EUR,1.14942402
2018-12-19,EUR,1.14942693
2018-12-20,EUR,1.14943087
2018-12-21,EUR,1.14936416
2018-12-28,EUR,1.14942544
2019-01-02,EUR,1.14942495
2019-01-03,EUR,1.14942619
2019-01-04,EUR,1.1494257
2019-01-07,EUR,1.14942547
2019-01-08,EUR,1.14942637
2019-01-09,EUR,1.14942861
2019-01-10,EUR,1.1494236
2019-01-11,EUR,1.14943072
2019-01-14,EUR,1.1494265
2019-01-15,EUR,1.14942532
2019-01-16,EUR,1.14942642
2019-01-17,EUR,1.14942453
2019-01-18,EUR,1.14942084
2019-01-21,EUR,1.14942031
2019-01-22,EUR,1.1494239
2019-01-23,EUR,1.14942645
2019-01-24,EUR,1.1494256
2019-01-25,EUR,1.14941265
2019-01-28,EUR,1.14942142
2019-01-29,EUR,1.14942604
2019-01-30,EUR,1.14942089
2019-01-31,EUR,1.14942478
2019-02-01,EUR,1.13636504
2019-02-04,EUR,1.13636294
2019-02-05,EUR,1.13636422
2019-02-06,EUR,1.13636541
2019-02-07,EUR,1.13636328
2019-02-08,EUR,1.136368
2019-02-11,EUR,1.13636572
2019-02-12,EUR,1.13636619
2019-02-13,EUR,1.13636304
2019-02-14,EUR,1.13636422
2019-02-15,EUR,1.1363644
2019-02-18,EUR,1.13636848
2019-02-19,EUR,1.13636291
2019-02-20,EUR,1.13636573
2019-02-21,EUR,1.13636431
2019-02-22,EUR,1.13637643
2019-02-25,EUR,1.1363658
2019-02-26,EUR,1.136364
2019-02-27,EUR,1.13636516
2019-02-28,EUR,1.13636274
2019-03-01,EUR,1.13636539
2019-03-04,EUR,1.13636426
2019-03-05,EUR,1.13636337
2019-03-06,EUR,1.13636404
2019-03-07,EUR,1.13636733
2019-03-08,EUR,1.13635942
2019-03-11,EUR,1.13636661
2019-03-12,EUR,1.13636259
2019-03-13,EUR,1.13636114
2019-03-14,EUR,1.13635694
2019-03-15,EUR,1.13637017
2019-03-18,EUR,1.1363681
2019-03-19,EUR,1.13636443
2019-03-20,EUR,1.13636244
2019-03-21,EUR,1.13636752
2019-03-22,EUR,1.1363706
2019-03-25,EUR,1.13636441
2019-03-26,EUR,1.13636419
2019-03-27,EUR,1.13636176
2019-03-28,EUR,1.13636139
2019-03-29,EUR,1.13636586
2019-04-01,EUR,1.12359663
2019-04-02,EUR,1.12359454
2019-04-03,EUR,1.12359522
2019-04-04,EUR,1.1235949
2019-04-05,EUR,1.12359631
2019-04-08,EUR,1.12359533
2019-04-09,EUR,1.12359337
2019-04-10,EUR,1.12359651
2019-04-11,EUR,1.12359561
2019-04-12,EUR,1.12359603
2019-04-15,EUR,1.12359752
2019-04-16,EUR,1.12359292
2019-04-17,EUR,1.12359344
2019-04-18,EUR,1.12359532
2019-04-23,EUR,1.12359559
2019-04-24,EUR,1.12359332
2019-04-25,EUR,1.12359278
2019-04-26,EUR,1.12360792
2019-04-29,EUR,1.12358718
2019-04-30,EUR,1.12358893
2019-05-02,EUR,1.12359597
2019-05-03,EUR,1.12358695
2019-05-06,EUR,1.12359488
2019-05-07,EUR,1.12359533
2019-05-08,EUR,1.12359517
2019-05-09,EUR,1.12359458
2019-05-10,EUR,1.12359558
2019-05-13,EUR,1.12359372
2019-05-14,EUR,1.12359473
2019-05-15,EUR,1.12358738
2019-05-16,EUR,1.1235937
2019-05-17,EUR,1.12359857
2019-05-20,EUR,1.12359111
2019-05-21,EUR,1.12359767
2019-05-22,EUR,1.12359498
2019-05-23,EUR,1.12359523
2019-05-24,EUR,1.12359574
2019-05-27,EUR,1.12359424
2019-05-28,EUR,1.12359514
2019-05-29,EUR,1.12359614
2019-05-31,EUR,1.12359602
2019-06-03,EUR,1.13636292
2019-06-04,EUR,1.13636327
2019-06-05,EUR,1.13636223
2019-06-06,EUR,1.13636231
2019-06-07,EUR,1.13636468
2019-06-11,EUR,1.13636489
2019-06-12,EUR,1.13636246
2019-06-13,EUR,1.13636413
2019-06-14,EUR,1.13636704
2019-06-17,EUR,1.13636978
2019-06-18,EUR,1.13636163
2019-06-19,EUR,1.1363635
2019-06-21,EUR,1.13636747
2019-06-24,EUR,1.136368
2019-06-25,EUR,1.13636538
2019-06-26,EUR,1.1363647
2019-06-27,EUR,1.13636644
2019-06-28,EUR,1.13636483
2019-07-01,EUR,1.12360094
2019-07-02,EUR,1.12359419
2019-07-03,EUR,1.12359523
2019-07-04,EUR,1.1235974
2019-07-05,EUR,1.12359737
2019-07-08,EUR,1.12359489
2019-07-09,EUR,1.12360065
2019-07-10,EUR,1.12359919
2019-07-11,EUR,1.1235949
2019-07-12,EUR,1.1235963
2019-07-15,EUR,1.12359532
2019-07-16,EUR,1.12359699
2019-07-17,EUR,1.1235952
2019-07-18,EUR,1.12359531
2019-07-19,EUR,1.12359475
2019-07-22,EUR,1.12359553
2019-07-23,EUR,1.12359461
2019-07-24,EUR,1.12359592
2019-07-25,EUR,1.12359554
2019-07-26,EUR,1.12359852
2019-07-29,EUR,1.12359289
2019-07-30,EUR,1.12359632
2019-07-31,EUR,1.12359972
2019-08-01,EUR,1.12359077
2019-08-02,EUR,1.12359217
2019-08-05,EUR,1.12359358
2019-08-06,EUR,1.1235961
2019-08-07,EUR,1.12359728
2019-08-08,EUR,1.12359643
2019-08-09,EUR,1.125
2019-08-12,EUR,1.12360154
2019-08-13,EUR,1.12359142
2019-08-14,EUR,1.12359364
2019-08-15,EUR,1.12359561
2019-08-16,EUR,1.12361955
2019-08-19,EUR,1.12359585
2019-08-20,EUR,1.12359456
2019-08-21,EUR,1.12359399
2019-08-22,EUR,1.12359585
2019-08-23,EUR,1.12360904
2019-08-26,EUR,1.1235954
2019-08-27,EUR,1.12359455
2019-08-28,EUR,1.12359369
2019-08-29,EUR,1.12359177
2019-08-30,EUR,1.12360024
2019-09-02,EUR,1.11111245
2019-09-03,EUR,1.11111274
2019-09-04,EUR,1.11110581
2019-09-05,EUR,1.11111102
2019-09-06,EUR,1.11110895
2019-09-09,EUR,1.11111359
2019-09-10,EUR,1.11111114
2019-09-11,EUR,1.11111426
2019-09-12,EUR,1.11111561
2019-09-13,EUR,1.11110782
2019-09-16,EUR,1.11111567
2019-09-17,EUR,1.11110957
2019-09-18,EUR,1.11111158
2019-09-19,EUR,1.11111182
2019-09-20,EUR,1.11111093
2019-09-23,EUR,1.11111282
2019-09-24,EUR,1.1111116
2019-09-25,EUR,1.11111126
2019-09-26,EUR,1.11111695
2019-09-27,EUR,1.11111093
2019-09-30,EUR,1.11111162
2019-10-01,EUR,1.11111157
2019-10-02,EUR,1.11111118
2019-10-04,EUR,1.11110557
2019-10-07,EUR,1.11111108
2019-10-08,EUR,1.11111051
2019-10-09,EUR,1.11111019
2019-10-10,EUR,1.11111006
2019-10-11,EUR,1.11111748
2019-10-14,EUR,1.11111668
2019-10-15,EUR,1.11111224
2019-10-16,EUR,1.11111217
2019-10-17,EUR,1.1111006
2019-10-18,EUR,1.11111449
2019-10-21,EUR,1.11111212
2019-10-22,EUR,1.11111131
2019-10-23,EUR,1.11111056
2019-10-24,EUR,1.11111275
2019-10-25,EUR,1.11110394
2019-10-28,EUR,1.11110871
2019-10-29,EUR,1.11111185
2019-10-30,EUR,1.11111284
2019-10-31,EUR,1.11110885
2019-11-01,EUR,1.11110971
2019-11-04,EUR,1.111113
2019-11-05,EUR,1.11111192
2019-11-06,EUR,1.1111112
2019-11-07,EUR,1.11110759
2019-11-08,EUR,1.11111508
2019-11-11,EUR,1.11111331
2019-11-12,EUR,1.11111396
2019-11-13,EUR,1.11111166
2019-11-14,EUR,1.11110673
2019-11-15,EUR,1.11111311
2019-11-18,EUR,1.11111551
2019-11-19,EUR,1.11111472
2019-11-20,EUR,1.11111132
2019-11-21,EUR,1.11111076
2019-11-22,EUR,1.11110885
2019-11-25,EUR,1.11111123
2019-11-26,EUR,1.11110634
2019-11-27,EUR,1.11111074
2019-11-28,EUR,1.11111577
2019-11-29,EUR,1.11111004
2019-12-02,EUR,1.11111397
2019-12-03,EUR,1.11111135
2019-12-04,EUR,1.11110606
2019-12-05,EUR,1.11111042
2019-12-06,EUR,1.11110976
2019-12-09,EUR,1.11111226
2019-12-10,EUR,1.11111089
2019-12-11,EUR,1.11111004
2019-12-12,EUR,1.111113
2019-12-13,EUR,1.11110929
2019-12-16,EUR,1.11111487
2019-12-17,EUR,1.11111341
2019-12-18,EUR,1.1111076
2019-12-19,EUR,1.11111042
2019-12-20,EUR,1.11111134
2019-12-30,EUR,1.11110995
2020-01-02,EUR,1.11111613
2020-01-03,EUR,1.11111812
2020-01-06,EUR,1.11111352
2020-01-07,EUR,1.11110888
2020-01-08,EUR,1.11110988
2020-01-09,EUR,1.11111486
2020-01-10,EUR,1.11111619
2020-01-13,EUR,1.11110421
2020-01-14,EUR,1.11111016
2020-01-15,EUR,1.11110968
2020-01-16,EUR,1.11111434
2020-01-17,EUR,1.11111267
2020-01-20,EUR,1.11111142
2020-01-21,EUR,1.11111247
2020-01-22,EUR,1.11111078
2020-01-23,EUR,1.11110833
2020-01-24,EUR,1.11112191
2020-01-27,EUR,1.11110403
2020-01-28,EUR,1.11111394
2020-01-29,EUR,1.11111214
2020-01-30,EUR,1.11111288
2020-01-31,EUR,1.11110741
2020-02-03,EUR,1.098901
2020-02-04,EUR,1.09890548
2020-02-05,EUR,1.09890211
2020-02-06,EUR,1.09889766
2020-02-07,EUR,1.09889946
2020-02-10,EUR,1.09890272
2020-02-11,EUR,1.09890185
2020-02-12,EUR,1.09889978
2020-02-13,EUR,1.0989021
2020-02-14,EUR,1.09888756
2020-02-17,EUR,1.09890502
2020-02-18,EUR,1.09890129
2020-02-19,EUR,1.09890188
2020-02-20,EUR,1.09889882
2020-02-21,EUR,1.09889991
2020-02-24,EUR,1.09889739
2020-02-25,EUR,1.09890143
2020-02-26,EUR,1.09890115
2020-02-27,EUR,1.09889677
2020-02-28,EUR,1.09891076
2020-03-02,EUR,1.11111425
2020-03-03,EUR,1.11111355
2020-03-04,EUR,1.11110931
2020-03-05,EUR,1.11111414
2020-03-06,EUR,1.11111196
2020-03-09,EUR,1.11111026
2020-03-10,EUR,1.11111158
2020-03-11,EUR,1.11111194
2020-03-12,EUR,1.11111294
2020-03-13,EUR,1.11111102
2020-03-16,EUR,1.11111301
2020-03-17,EUR,1.11110921
2020-03-18,EUR,1.11111086
2020-03-19,EUR,1.11110933
2020-03-20,EUR,1.11111403
2020-03-23,EUR,1.11110962
2020-03-24,EUR,1.11111058
2020-03-25,EUR,1.11110973
2020-03-26,EUR,1.11111406
2020-03-27,EUR,1.11111079
2020-03-30,EUR,1.1111123
2020-03-31,EUR,1.11111087
2020-04-01,EUR,1.08695288
2020-04-02,EUR,1.08696263
2020-04-03,EUR,1.08695534
2020-04-06,EUR,1.0869585
2020-04-07,EUR,1.08695464
2020-04-08,EUR,1.08696083
2020-04-09,EUR,1.08695769
2020-04-14,EUR,1.08695461
2020-04-15,EUR,1.08695429
2020-04-16,EUR,1.08695694
2020-04-17,EUR,1.08692592
2020-04-20,EUR,1.08695558
2020-04-21,EUR,1.08695693
2020-04-22,EUR,1.0869557
2020-04-23,EUR,1.08695657
2020-04-24,EUR,1.08695708
2020-04-27,EUR,1.08695306
2020-04-28,EUR,1.08695708
2020-04-29,EUR,1.08695549
2020-04-30,EUR,1.08696661
2020-05-04,EUR,1.09890523
2020-05-05,EUR,1.0989012
2020-05-06,EUR,1.09889969
2020-05-07,EUR,1.09890026
2020-05-08,EUR,1.09888934
2020-05-11,EUR,1.0989019
2020-05-12,EUR,1.09890216
2020-05-13,EUR,1.09890582
2020-05-14,EUR,1.09889908
2020-05-15,EUR,1.09890161
2020-05-18,EUR,1.09890035
2020-05-19,EUR,1.09890137
2020-05-20,EUR,1.09890359
2020-05-22,EUR,1.09890218
2020-05-25,EUR,1.09889186
2020-05-26,EUR,1.09890067
2020-05-27,EUR,1.09889908
2020-05-28,EUR,1.09890086
2020-05-29,EUR,1.09889816
2020-06-02,EUR,1.13636297
2020-06-03,EUR,1.13636427
2020-06-04,EUR,1.1363621
2020-06-05,EUR,1.13635906
2020-06-08,EUR,1.13635925
2020-06-09,EUR,1.13636222
2020-06-10,EUR,1.13636559
2020-06-12,EUR,1.13636957
2020-06-15,EUR,1.13636898
2020-06-16,EUR,1.13636117
2020-06-17,EUR,1.13635715
2020-06-18,EUR,1.13636517
2020-06-19,EUR,1.13636434
2020-06-22,EUR,1.13637324
2020-06-23,EUR,1.13636426
2020-06-24,EUR,1.13636113
2020-06-25,EUR,1.13637261
2020-06-26,EUR,1.13636604
2020-06-29,EUR,1.13636552
2020-06-30,EUR,1.13636357
2020-07-01,EUR,1.14942369
2020-07-02,EUR,1.14942876
2020-07-03,EUR,1.1494204
2020-07-06,EUR,1.14943283
2020-07-07,EUR,1.14942297
2020-07-08,EUR,1.14942764
2020-07-09,EUR,1.1494252
2020-07-10,EUR,1.14942653
2020-07-13,EUR,1.14942666
2020-07-14,EUR,1.14942558
2020-07-15,EUR,1.14942175
2020-07-16,EUR,1.14942522
2020-07-17,EUR,1.14942644
2020-07-20,EUR,1.14942561
2020-07-21,EUR,1.14942977
2020-07-22,EUR,1.14943017
2020-07-23,EUR,1.14942553
2020-07-24,EUR,1.14941463
2020-07-27,EUR,1.14942611
2020-07-28,EUR,1.1494263
2020-07-29,EUR,1.14942487
2020-07-30,EUR,1.14942423
2020-08-03,EUR,1.19047993
2020-08-04,EUR,1.19047462
2020-08-05,EUR,1.19047625
2020-08-06,EUR,1.19048552
2020-08-07,EUR,1.19047477
2020-08-10,EUR,1.19047831
2020-08-11,EUR,1.19047574
2020-08-12,EUR,1.19047552
2020-08-13,EUR,1.19048167
2020-08-14,EUR,1.19047251
2020-08-17,EUR,1.19048039
2020-08-18,EUR,1.19047637
2020-08-19,EUR,1.19047766
2020-08-20,EUR,1.1904929
2020-08-21,EUR,1.19046831
2020-08-24,EUR,1.19048157
2020-08-25,EUR,1.1904789
2020-08-26,EUR,1.19047388
2020-08-27,EUR,1.19047788
2020-08-28,EUR,1.19048404
2020-08-31,EUR,1.19047971
2020-09-01,EUR,1.19046008
2020-09-02,EUR,1.19047793
2020-09-03,EUR,1.19047734
2020-09-04,EUR,1.19047104
2020-09-07,EUR,1.1904742
2020-09-08,EUR,1.19047002
2020-09-09,EUR,1.19047869
2020-09-10,EUR,1.19047749
2020-09-11,EUR,1.19047893
2020-09-14,EUR,1.19047371
2020-09-15,EUR,1.19048029
2020-09-16,EUR,1.19047904
2020-09-17,EUR,1.19047234
2020-09-18,EUR,1.19048118
2020-09-21,EUR,1.19047311
2020-09-22,EUR,1.19047441
2020-09-23,EUR,1.19047124
2020-09-24,EUR,1.19047317
2020-09-25,EUR,1.19047592
2020-09-28,EUR,1.19047259
2020-09-29,EUR,1.19047335
2020-09-30,EUR,1.19047421
2020-10-01,EUR,1.19048167
2020-10-02,EUR,1.1904731
2020-10-05,EUR,1.19047429
2020-10-06,EUR,1.19047476
2020-10-07,EUR,1.19047743
2020-10-08,EUR,1.19047712
2020-10-09,EUR,1.19048201
2020-10-12,EUR,1.19047327
2020-10-13,EUR,1.19048174
2020-10-14,EUR,1.1904764
2020-10-15,EUR,1.19047405
2020-10-16,EUR,1.19047507
2020-10-19,EUR,1.19047492
2020-10-20,EUR,1.19047203
2020-10-21,EUR,1.1904795
2020-10-22,EUR,1.19047689
2020-10-23,EUR,1.1904688
2020-10-26,EUR,1.19047837
2020-10-27,EUR,1.19047649
2020-10-28,EUR,1.1904776
2020-10-29,EUR,1.19047706
2020-10-30,EUR,1.19047829
2020-11-02,EUR,1.19047722
2020-11-03,EUR,1.19047302
2020-11-04,EUR,1.19048207
2020-11-05,EUR,1.19047346
2020-11-06,EUR,1.19047481
2020-11-09,EUR,1.19047646
2020-11-10,EUR,1.1904724
2020-11-11,EUR,1.19047828
2020-11-12,EUR,1.19047458
2020-11-13,EUR,1.19047354
2020-11-16,EUR,1.19047689
2020-11-17,EUR,1.19047549
2020-11-18,EUR,1.19047534
2020-11-19,EUR,1.19047465
2020-11-20,EUR,1.19046749
2020-11-23,EUR,1.1904777
2020-11-24,EUR,1.1904749
2020-11-25,EUR,1.19047615
2020-11-26,EUR,1.19047006
2020-11-27,EUR,1.19046662
2020-11-30,EUR,1.19047522
2020-12-01,EUR,1.21950996
2020-12-02,EUR,1.21951218
2020-12-03,EUR,1.21951187
2020-12-04,EUR,1.2195097
2020-12-07,EUR,1.21951393
2020-12-08,EUR,1.21950881
2020-12-09,EUR,1.21950517
2020-12-10,EUR,1.21950655
2020-12-11,EUR,1.219509
2020-12-14,EUR,1.21950773
2020-12-15,EUR,1.21951278
2020-12-16,EUR,1.21950732
2020-12-17,EUR,1.21951337
2020-12-18,EUR,1.21951489
2020-12-21,EUR,1.21951277
2020-12-22,EUR,1.21951573
2020-12-23,EUR,1.21951837
2020-12-28,EUR,1.21954656
2020-12-31,EUR,1.21951436
2021-01-04,EUR,1.21951154
2021-01-05,EUR,1.21951051
2021-01-06,EUR,1.2195138
2021-01-07,EUR,1.2195141
2021-01-08,EUR,1.2195109
2021-01-11,EUR,1.21951238
2021-01-12,EUR,1.21950865
2021-01-13,EUR,1.21950281
2021-01-14,EUR,1.21951063
2021-01-15,EUR,1.21951361
2021-01-18,EUR,1.21950923
2021-01-19,EUR,1.21951224
2021-01-20,EUR,1.21950839
2021-01-21,EUR,1.21950965
2021-01-22,EUR,1.21950775
2021-01-25,EUR,1.21951143
2021-01-26,EUR,1.21951115
2021-01-27,EUR,1.21951523
2021-01-28,EUR,1.21951057
2021-01-29,EUR,1.21950402
2021-02-01,EUR,1.21951065
2021-02-02,EUR,1.21951106
2021-02-03,EUR,1.21951142
2021-02-04,EUR,1.21951064
2021-02-05,EUR,1.21950499
2021-02-08,EUR,1.2195108
2021-02-09,EUR,1.21951277
2021-02-10,EUR,1.21951025
2021-02-11,EUR,1.21950661
2021-02-12,EUR,1.21951654
2021-02-15,EUR,1.21951106
2021-02-16,EUR,1.21951126
2021-02-17,EUR,1.21951433
2021-02-18,EUR,1.21951029
2021-02-19,EUR,1.21951153
2021-02-22,EUR,1.21951166
2021-02-23,EUR,1.21951137
2021-02-24,EUR,1.21950357
2021-02-25,EUR,1.21951317
2021-02-26,EUR,1.21951472
2021-03-01,EUR,1.20481916
2021-03-02,EUR,1.20481847
2021-03-03,EUR,1.20481927
2021-03-04,EUR,1.20482043
2021-03-05,EUR,1.20481832
2021-03-08,EUR,1.20481692
2021-03-09,EUR,1.20481949
2021-03-10,EUR,1.20481988
2021-03-11,EUR,1.20481845
2021-03-12,EUR,1.20482173
2021-03-15,EUR,1.20481978
2021-03-16,EUR,1.20481862
2021-03-17,EUR,1.20481848
2021-03-18,EUR,1.20482097
2021-03-19,EUR,1.20481608
2021-03-22,EUR,1.20481888
2021-03-23,EUR,1.2048172
2021-03-24,EUR,1.20482188
2021-03-25,EUR,1.20482237
2021-03-26,EUR,1.20482005
2021-03-29,EUR,1.20482239
2021-03-30,EUR,1.2048188
2021-03-31,EUR,1.20481526
2021-04-01,EUR,1.20482084
2021-04-06,EUR,1.20481742
2021-04-07,EUR,1.20481538
2021-04-08,EUR,1.2048192
2021-04-09,EUR,1.20481961
2021-04-12,EUR,1.2048192
2021-04-13,EUR,1.20481929
2021-04-14,EUR,1.20481961
2021-04-15,EUR,1.20481833
2021-04-16,EUR,1.20482037
2021-04-19,EUR,1.20481767
2021-04-20,EUR,1.20481804
2021-04-21,EUR,1.20481969
2021-04-22,EUR,1.20481828
2021-04-23,EUR,1.20481655
2021-04-26,EUR,1.20481722
2021-04-27,EUR,1.20481927
2021-04-28,EUR,1.20481832
2021-04-29,EUR,1.20481925
2021-04-30,EUR,1.20482075
2021-05-03,EUR,1.21950867
2021-05-04,EUR,1.21951494
2021-05-05,EUR,1.21951155
2021-05-06,EUR,1.21951273
2021-05-07,EUR,1.21951271
2021-05-10,EUR,1.21951092
2021-05-11,EUR,1.21951171
2021-05-12,EUR,1.21951296
2021-05-14,EUR,1.21950459
2021-05-17,EUR,1.21951234
2021-05-18,EUR,1.2195092
2021-05-19,EUR,1.21951183
2021-05-20,EUR,1.21951117
2021-05-21,EUR,1.21950966
2021-05-25,EUR,1.2195101
2021-05-26,EUR,1.21951136
2021-05-27,EUR,1.21951094
2021-05-28,EUR,1.21950965
2021-05-31,EUR,1.21950836
2021-06-01,EUR,1.20482225
2021-06-02,EUR,1.20482462
2021-06-04,EUR,1.20481796
2021-06-07,EUR,1.2048174
2021-06-08,EUR,1.20482103
2021-06-09,EUR,1.20481962
2021-06-10,EUR,1.20481718
2021-06-11,EUR,1.20481789
2021-06-14,EUR,1.20482093
2021-06-15,EUR,1.20481876
2021-06-16,EUR,1.20482295
2021-06-17,EUR,1.20482083
2021-06-18,EUR,1.20481882
2021-06-21,EUR,1.20482141
2021-06-22,EUR,1.20481973
2021-06-23,EUR,1.20482007
2021-06-24,EUR,1.20481771
2021-06-25,EUR,1.20481796
2021-06-28,EUR,1.20481726
2021-06-29,EUR,1.2048196
2021-06-30,EUR,1.20481964
2021-07-01,EUR,1.1904766
2021-07-02,EUR,1.19047585
2021-07-05,EUR,1.19047493
2021-07-06,EUR,1.1904774
2021-07-07,EUR,1.19047314
2021-07-08,EUR,1.19047706
2021-07-09,EUR,1.19047095
2021-07-12,EUR,1.19047482
2021-07-13,EUR,1.19047409
2021-07-14,EUR,1.19047668
2021-07-15,EUR,1.19047587
2021-07-16,EUR,1.19047829
2021-07-19,EUR,1.19047216
2021-07-20,EUR,1.19047734
2021-07-21,EUR,1.19047545
2021-07-22,EUR,1.1904747
2021-07-23,EUR,1.19047731
2021-07-26,EUR,1.19047512
2021-07-27,EUR,1.19047486
2021-07-28,EUR,1.19047456
2021-07-29,EUR,1.19047322
2021-07-30,EUR,1.19048016
2021-08-02,EUR,1.17647259
2021-08-03,EUR,1.17646788
2021-08-04,EUR,1.17647403
2021-08-05,EUR,1.17647749
2021-08-06,EUR,1.17646777
2021-08-09,EUR,1.17647102
2021-08-10,EUR,1.17647073
2021-08-11,EUR,1.17646768
2021-08-12,EUR,1.17647842
2021-08-13,EUR,1.17647082
2021-08-16,EUR,1.17647189
2021-08-17,EUR,1.17647257
2021-08-18,EUR,1.17647508
2021-08-19,EUR,1.17647137
2021-08-20,EUR,1.17647044
2021-08-23,EUR,1.17646997
2021-08-24,EUR,1.17646793
2021-08-25,EUR,1.17647355
2021-08-26,EUR,1.17646917
2021-08-27,EUR,1.17647083
2021-08-30,EUR,1.17646967
2021-08-31,EUR,1.17647208
2021-09-01,EUR,1.17647235
2021-09-02,EUR,1.17646784
2021-09-03,EUR,1.17647354
2021-09-06,EUR,1.17646785
2021-09-07,EUR,1.1764705
2021-09-08,EUR,1.1764662
2021-09-09,EUR,1.17647116
2021-09-10,EUR,1.17647046
2021-09-13,EUR,1.17647212
2021-09-14,EUR,1.17647104
2021-09-15,EUR,1.17647721
2021-09-16,EUR,1.1764702
2021-09-17,EUR,1.17647098
2021-09-20,EUR,1.17647412
2021-09-21,EUR,1.17647189
2021-09-22,EUR,1.17647175
2021-09-23,EUR,1.1764721
2021-09-24,EUR,1.17647037
2021-09-27,EUR,1.17647119
2021-09-28,EUR,1.17648138
2021-09-29,EUR,1.17646798
2021-09-30,EUR,1.17647148
2021-10-01,EUR,1.16279425
2021-10-04,EUR,1.16279062
2021-10-05,EUR,1.16279093
2021-10-06,EUR,1.16278907
2021-10-07,EUR,1.16279182
2021-10-08,EUR,1.16279198
2021-10-11,EUR,1.16279801
2021-10-12,EUR,1.1627897
2021-10-13,EUR,1.16278637
2021-10-14,EUR,1.16279105
2021-10-15,EUR,1.16278951
2021-10-18,EUR,1.162791
2021-10-19,EUR,1.16278911
2021-10-20,EUR,1.16279019
2021-10-21,EUR,1.16279006
2021-10-22,EUR,1.16279044
2021-10-25,EUR,1.16278788
2021-10-26,EUR,1.16278963
2021-10-27,EUR,1.16278756
2021-10-28,EUR,1.16278982
2021-10-29,EUR,1.16278393
2021-11-01,EUR,1.14942159
2021-11-02,EUR,1.1494289
2021-11-03,EUR,1.14942435
2021-11-04,EUR,1.14942625
2021-11-05,EUR,1.14941911
2021-11-08,EUR,1.14942885
2021-11-09,EUR,1.14942522
2021-11-10,EUR,1.14942499
2021-11-11,EUR,1.14942555
2021-11-12,EUR,1.14942614
2021-11-15,EUR,1.14943106
2021-11-16,EUR,1.14942603
2021-11-17,EUR,1.14942452
2021-11-18,EUR,1.14942326
2021-11-19,EUR,1.14942483
2021-11-22,EUR,1.14942825
2021-11-23,EUR,1.14942709
2021-11-24,EUR,1.14942843
2021-11-25,EUR,1.14944926
2021-11-26,EUR,1.14942588
2021-11-29,EUR,1.14942326
2021-11-30,EUR,1.14942549
2021-12-01,EUR,1.13635702
2021-12-02,EUR,1.13636643
2021-12-03,EUR,1.13636366
2021-12-06,EUR,1.13636353
2021-12-07,EUR,1.13636478
2021-12-08,EUR,1.1363805
2021-12-09,EUR,1.13636488
2021-12-10,EUR,1.13636415
2021-12-13,EUR,1.13636328
2021-12-14,EUR,1.13636602
2021-12-15,EUR,1.13636332
2021-12-16,EUR,1.13636463
2021-12-17,EUR,1.13636516
2021-12-20,EUR,1.13636518
2021-12-21,EUR,1.13636237
2021-12-22,EUR,1.1363656
2021-12-23,EUR,1.13636372
2021-12-28,EUR,1.13636355
2021-12-30,EUR,1.13635815
2022-01-03,EUR,1.13636417
2022-01-04,EUR,1.1363631
2022-01-05,EUR,1.13636618
2022-01-06,EUR,1.13636515
2022-01-07,EUR,1.13636331
2022-01-10,EUR,1.13636342
2022-01-11,EUR,1.13636332
2022-01-12,EUR,1.1363675
2022-01-13,EUR,1.13636556
2022-01-14,EUR,1.13636632
2022-01-17,EUR,1.13636488
2022-01-18,EUR,1.13636167
2022-01-19,EUR,1.13636626
2022-01-20,EUR,1.13636421
2022-01-21,EUR,1.13636435
2022-01-24,EUR,1.13637103
2022-01-25,EUR,1.13636083
2022-01-26,EUR,1.13636241
2022-01-27,EUR,1.13636087
2022-01-28,EUR,1.13636328
2022-01-31,EUR,1.13636316
2022-02-01,EUR,1.13636466
2022-02-02,EUR,1.13636029
2022-02-03,EUR,1.13636123
2022-02-04,EUR,1.13636626
2022-02-07,EUR,1.13635693
2022-02-08,EUR,1.13636346
2022-02-09,EUR,1.13636449
2022-02-10,EUR,1.13636396
2022-02-11,EUR,1.13636255
2022-02-14,EUR,1.13636298
2022-02-15,EUR,1.13636217
2022-02-16,EUR,1.13635922
2022-02-17,EUR,1.13636453
2022-02-18,EUR,1.13636302
2022-02-21,EUR,1.13636626
2022-02-22,EUR,1.13636366
2022-02-23,EUR,1.13636251
2022-02-24,EUR,1.13636316
2022-02-25,EUR,1.13636298
2022-02-28,EUR,1.13636197
2022-03-01,EUR,1.11111357
2022-03-02,EUR,1.11111127
2022-03-03,EUR,1.11110977
2022-03-04,EUR,1.1111108
2022-03-07,EUR,1.11110964
2022-03-08,EUR,1.11111018
2022-03-09,EUR,1.11110887
2022-03-10,EUR,1.11111027
2022-03-11,EUR,1.11111347
2022-03-14,EUR,1.11111479
2022-03-15,EUR,1.11110763
2022-03-16,EUR,1.1111061
2022-03-17,EUR,1.111112
2022-03-18,EUR,1.11111596
2022-03-21,EUR,1.11111291
2022-03-22,EUR,1.11111069
2022-03-23,EUR,1.11111201
2022-03-24,EUR,1.11111286
2022-03-25,EUR,1.11111504
2022-03-28,EUR,1.11111186
2022-03-29,EUR,1.11111139
2022-03-30,EUR,1.11111225
2022-03-31,EUR,1.11111219
2022-04-01,EUR,1.08695664
2022-04-04,EUR,1.08695404
2022-04-05,EUR,1.08695772
2022-04-06,EUR,1.08695818
2022-04-07,EUR,1.0869542
2022-04-08,EUR,1.08695702
2022-04-11,EUR,1.08695954
2022-04-12,EUR,1.08695658
2022-04-13,EUR,1.08695333
2022-04-14,EUR,1.08695722
2022-04-19,EUR,1.08695618
2022-04-20,EUR,1.0869562
2022-04-21,EUR,1.08695678
2022-04-22,EUR,1.0869507
2022-04-25,EUR,1.08695322
2022-04-26,EUR,1.08695646
2022-04-27,EUR,1.08696285
2022-04-28,EUR,1.08695842
2022-04-29,EUR,1.08695727
2022-05-02,EUR,1.0638308
2022-05-03,EUR,1.06383164
2022-05-04,EUR,1.06383205
2022-05-05,EUR,1.06382983
2022-05-06,EUR,1.06382994
2022-05-09,EUR,1.06383411
2022-05-10,EUR,1.06382958
2022-05-11,EUR,1.06382934
2022-05-12,EUR,1.06382897
2022-05-13,EUR,1.06382647
2022-05-16,EUR,1.06382823
2022-05-17,EUR,1.06383126
2022-05-18,EUR,1.06383026
2022-05-19,EUR,1.06382981
2022-05-20,EUR,1.06383007
2022-05-23,EUR,1.06382854
2022-05-24,EUR,1.06382584
2022-05-25,EUR,1.06383092
2022-05-27,EUR,1.06382993
2022-05-30,EUR,1.06382723
2022-05-31,EUR,1.0638309
2022-06-01,EUR,1.0638284
2022-06-02,EUR,1.06383002
2022-06-03,EUR,1.06383044
2022-06-07,EUR,1.06383235
2022-06-08,EUR,1.06383314
2022-06-09,EUR,1.06382791
2022-06-10,EUR,1.0638274
2022-06-13,EUR,1.06382966
2022-06-14,EUR,1.06382672
2022-06-15,EUR,1.06383118
2022-06-17,EUR,1.06382529
2022-06-20,EUR,1.06383047
2022-06-21,EUR,1.06383053
2022-06-22,EUR,1.06383023
2022-06-23,EUR,1.06382834
2022-06-24,EUR,1.06382907
2022-06-27,EUR,1.06382896
2022-06-28,EUR,1.06382976
2022-06-29,EUR,1.06382882
2022-06-30,EUR,1.06382943
2022-07-01,EUR,1.02040739
2022-07-04,EUR,1.020409
2022-07-05,EUR,1.02040993
2022-07-06,EUR,1.02040967
2022-07-07,EUR,1.02040532
2022-07-08,EUR,1.02040664
2022-07-11,EUR,1.02041131
2022-07-12,EUR,1.02040799
2022-07-13,EUR,1.0204119
2022-07-14,EUR,1.02040889
2022-07-15,EUR,1.02040504
2022-07-18,EUR,1.02040981
2022-07-19,EUR,1.02040579
2022-07-20,EUR,1.02040677
2022-07-21,EUR,1.02040738
2022-07-22,EUR,1.02045902
2022-07-25,EUR,1.02040906
2022-07-26,EUR,1.02040797
2022-07-27,EUR,1.02040559
2022-07-28,EUR,1.0204082
2022-07-29,EUR,1.02040893
2022-08-01,EUR,1.02040507
2022-08-02,EUR,1.02040837
2022-08-03,EUR,1.02040942
2022-08-04,EUR,1.02040836
2022-08-05,EUR,1.02040782
2022-08-08,EUR,1.02040751
2022-08-09,EUR,1.02040804
2022-08-10,EUR,1.02040781
2022-08-11,EUR,1.02040829
2022-08-12,EUR,1.02040652
2022-08-15,EUR,1.02040809
2022-08-16,EUR,1.02040845
2022-08-17,EUR,1.02040441
2022-08-18,EUR,1.02040949
2022-08-19,EUR,1.02040777
2022-08-22,EUR,1.02040833
2022-08-23,EUR,1.02040621
2022-08-24,EUR,1.02040834
2022-08-25,EUR,1.02040167
2022-08-26,EUR,1.02041023
2022-08-29,EUR,1.02040752
2022-08-30,EUR,1.02040965
2022-08-31,EUR,1.02040699
2022-09-01,EUR,1.0
2022-09-02,EUR,1.0
2022-09-05,EUR,1.0
2022-09-06,EUR,1.0
2022-09-07,EUR,1.0
2022-09-08,EUR,1.0
2022-09-09,EUR,1.0
2022-09-12,EUR,1.0
2022-09-13,EUR,1.0
2022-09-14,EUR,1.0
2022-09-15,EUR,1.0
2022-09-16,EUR,1.0
2022-09-19,EUR,1.0
2022-09-20,EUR,1.0
2022-09-21,EUR,1.0
2022-09-22,EUR,1.0
2022-09-23,EUR,1.0
2022-09-26,EUR,1.0
2022-09-27,EUR,1.0
2022-09-28,EUR,1.0
2022-09-29,EUR,1.0
2022-09-30,EUR,1.0
2022-10-04,EUR,0.99009993
2022-10-05,EUR,0.99009859
2022-10-06,EUR,0.99009857
2022-10-07,EUR,0.99009863
2022-10-10,EUR,0.99009974
2022-10-11,EUR,0.99009708
2022-10-12,EUR,0.99009954
2022-10-13,EUR,0.99009992
2022-10-14,EUR,0.9900955
2022-10-17,EUR,0.99009991
2022-10-18,EUR,0.99009911
2022-10-19,EUR,0.99009891
2022-10-20,EUR,0.99009737
2022-10-21,EUR,0.99009915
2022-10-24,EUR,0.99010077
2022-10-25,EUR,0.99010038
2022-10-26,EUR,0.99009806
2022-10-27,EUR,0.99009926
2022-10-28,EUR,0.99009446
2022-10-31,EUR,0.99009896
2022-11-01,EUR,1.03092531
2022-11-02,EUR,1.0309282
2022-11-03,EUR,1.03092709
2022-11-04,EUR,1.03093
2022-11-07,EUR,1.03092914
2022-11-08,EUR,1.03092762
2022-11-09,EUR,1.03092767
2022-11-10,EUR,1.03092804
2022-11-11,EUR,1.03092743
2022-11-14,EUR,1.03092775
2022-11-15,EUR,1.03092834
2022-11-16,EUR,1.03092673
2022-11-17,EUR,1.03092912
2022-11-18,EUR,1.03092803
2022-11-21,EUR,1.03092604
2022-11-22,EUR,1.03092856
2022-11-23,EUR,1.03092849
2022-11-24,EUR,1.03092824
2022-11-25,EUR,1.03092283
2022-11-28,EUR,1.03092684
2022-11-29,EUR,1.03092861
2022-11-30,EUR,1.030928
2022-12-01,EUR,1.06382978
2022-12-02,EUR,1.06383536
2022-12-05,EUR,1.06383058
2022-12-06,EUR,1.0638298
2022-12-07,EUR,1.06382983
2022-12-08,EUR,1.0638278
2022-12-09,EUR,1.0638302
2022-12-12,EUR,1.06382978
2022-12-13,EUR,1.06382988
2022-12-14,EUR,1.06383033
2022-12-15,EUR,1.0638295
2022-12-16,EUR,1.06383222
2022-12-19,EUR,1.06383105
2022-12-20,EUR,1.0638298
2022-12-21,EUR,1.06382946
2022-12-22,EUR,1.06382996
2022-12-23,EUR,1.06380831
2022-12-27,EUR,1.06382823
2022-12-28,EUR,1.06383072
2022-12-29,EUR,1.06383117
2022-12-30,EUR,1.06382917
2022-12-31,EUR,1.06382978
2023-01-05,EUR,1.08695916
2023-01-06,EUR,1.08695195
2023-01-09,EUR,1.08695625
2023-01-10,EUR,1.08695035
2023-01-11,EUR,1.08695383
2023-01-12,EUR,1.08695817
2023-01-13,EUR,1.08695867
2023-01-16,EUR,1.08695701
2023-01-17,EUR,1.0869551
2023-01-18,EUR,1.08695606
2023-01-19,EUR,1.08695835
2023-01-20,EUR,1.08695887
2023-01-23,EUR,1.08695749
2023-01-24,EUR,1.08695502
2023-01-25,EUR,1.08695658
2023-01-26,EUR,1.08695734
2023-01-27,EUR,1.08695708
2023-01-30,EUR,1.08695622
2023-01-31,EUR,1.08695399
2023-02-01,EUR,1.07526879
2023-02-02,EUR,1.07526872
2023-02-03,EUR,1.07527027
2023-02-06,EUR,1.07526553
2023-02-07,EUR,1.0752707
2023-02-08,EUR,1.07527049
2023-02-09,EUR,1.07526464
2023-02-10,EUR,1.0752673
2023-02-13,EUR,1.07526756
2023-02-14,EUR,1.07526998
2023-02-15,EUR,1.07526832
2023-02-16,EUR,1.07526395
2023-02-17,EUR,1.07526832
2023-02-20,EUR,1.07527002
2023-02-21,EUR,1.0752701
2023-02-22,EUR,1.07526887
2023-02-23,EUR,1.07526703
2023-02-24,EUR,1.0752653
2023-02-27,EUR,1.07526905
2023-02-28,EUR,1.07526877
2023-03-01,EUR,1.07526901
2023-03-02,EUR,1.07526831
2023-03-03,EUR,1.07527006
2023-03-06,EUR,1.07526998
2023-03-07,EUR,1.07526719
2023-03-08,EUR,1.07526971
2023-03-09,EUR,1.07526962
2023-03-10,EUR,1.07526913
2023-03-13,EUR,1.07526923
2023-03-14,EUR,1.07526497
2023-03-15,EUR,1.07527047
2023-03-16,EUR,1.0752679
2023-03-17,EUR,1.07526919
2023-03-20,EUR,1.07526719
2023-03-21,EUR,1.0752698
2023-03-22,EUR,1.07526383
2023-03-23,EUR,1.07526741
2023-03-24,EUR,1.07526736
2023-03-27,EUR,1.07526913
2023-03-28,EUR,1.07526981
2023-03-29,EUR,1.07526793
2023-03-30,EUR,1.07526829
2023-03-31,EUR,1.07526718
2023-04-03,EUR,1.09890038
2023-04-04,EUR,1.09890598
2023-04-05,EUR,1.09890462
2023-04-06,EUR,1.09890203
2023-04-11,EUR,1.09889968
2023-04-12,EUR,1.09890065
2023-04-13,EUR,1.09890127
2023-04-14,EUR,1.09890603
2023-04-17,EUR,1.09890335
2023-04-18,EUR,1.09890058
2023-04-19,EUR,1.0989013
2023-04-20,EUR,1.09890245
2023-04-21,EUR,1.09889999
2023-04-24,EUR,1.09889947
2023-04-25,EUR,1.09890007
2023-04-26,EUR,1.0989032
2023-04-27,EUR,1.09890182
2023-04-28,EUR,1.09890434
2023-05-02,EUR,1.09890147
2023-05-03,EUR,1.09889959
2023-05-04,EUR,1.09890009
2023-05-05,EUR,1.09890099
2023-05-08,EUR,1.09889864
2023-05-09,EUR,1.09890158
2023-05-10,EUR,1.09890085
2023-05-11,EUR,1.098903
2023-05-12,EUR,1.09890408
2023-05-15,EUR,1.09889923
2023-05-16,EUR,1.09890184
2023-05-17,EUR,1.0988998
2023-05-19,EUR,1.09890122
2023-05-22,EUR,1.09889853
2023-05-23,EUR,1.0989005
2023-05-24,EUR,1.09890097
2023-05-25,EUR,1.0988966
2023-05-26,EUR,1.09890102
2023-05-30,EUR,1.09890433
2023-05-31,EUR,1.09890115
2023-06-01,EUR,1.0869546
2023-06-02,EUR,1.08695624
2023-06-05,EUR,1.08695624
2023-06-06,EUR,1.08695804
2023-06-07,EUR,1.08687279
2023-06-09,EUR,1.08695586
2023-06-12,EUR,1.08695697
2023-06-13,EUR,1.08695772
2023-06-14,EUR,1.0869581
2023-06-15,EUR,1.08695858
2023-06-16,EUR,1.08695946
2023-06-19,EUR,1.08695514
2023-06-20,EUR,1.08695644
2023-06-21,EUR,1.0869557
2023-06-22,EUR,1.08695929
2023-06-23,EUR,1.08695616
2023-06-26,EUR,1.08695669
2023-06-27,EUR,1.08695508
2023-06-28,EUR,1.08695558
2023-06-29,EUR,1.08695176
2023-06-30,EUR,1.08695642
2023-07-03,EUR,1.11111061
2023-07-04,EUR,1.11111245
2023-07-05,EUR,1.11111052
2023-07-06,EUR,1.11111053
2023-07-07,EUR,1.1111124
2023-07-10,EUR,1.11111422
2023-07-11,EUR,1.11111096
2023-07-12,EUR,1.11111143
2023-07-13,EUR,1.1111104
2023-07-14,EUR,1.1111108
2023-07-17,EUR,1.11110751
2023-07-18,EUR,1.11111166
2023-07-19,EUR,1.11111075
2023-07-20,EUR,1.11111152
2023-07-21,EUR,1.11111234
2023-07-24,EUR,1.11111172
2023-07-25,EUR,1.1111112
2023-07-26,EUR,1.11110885
2023-07-27,EUR,1.11111184
2023-07-28,EUR,1.11111275
2023-07-31,EUR,1.11111025
2023-08-01,EUR,1.09889944
2023-08-02,EUR,1.09890645
2023-08-03,EUR,1.09890252
2023-08-04,EUR,1.09890162
2023-08-07,EUR,1.09890328
2023-08-08,EUR,1.0989004
2023-08-09,EUR,1.09890139
2023-08-10,EUR,1.09890346
2023-08-11,EUR,1.09891707
2023-08-14,EUR,1.09889947
2023-08-15,EUR,1.09890135
2023-08-16,EUR,1.09890735
2023-08-17,EUR,1.09890082
2023-08-18,EUR,1.09890313
2023-08-21,EUR,1.09889849
2023-08-22,EUR,1.09890087
2023-08-23,EUR,1.09889988
2023-08-24,EUR,1.098901
2023-08-25,EUR,1.09890033
2023-08-28,EUR,1.09890265
2023-08-29,EUR,1.09890119
2023-08-30,EUR,1.09889989
2023-08-31,EUR,1.09890287
2023-09-01,EUR,1.0752686
2023-09-04,EUR,1.07526916
2023-09-05,EUR,1.07526938
2023-09-06,EUR,1.07526773
2023-09-07,EUR,1.07526876
2023-09-08,EUR,1.07526763
2023-09-11,EUR,1.07527052
2023-09-12,EUR,1.07526701
2023-09-13,EUR,1.07527036
2023-09-14,EUR,1.07526871
2023-09-15,EUR,1.07526944
2023-09-18,EUR,1.07526871
2023-09-19,EUR,1.07526754
2023-09-20,EUR,1.07526865
2023-09-21,EUR,1.07526689
2023-09-22,EUR,1.07526866
2023-09-25,EUR,1.07526791
2023-09-26,EUR,1.07527043
2023-09-27,EUR,1.07526578
2023-09-28,EUR,1.07527118
2023-09-29,EUR,1.07526724
2023-10-02,EUR,1.06383129
2023-10-04,EUR,1.06383165
2023-10-05,EUR,1.06383114
2023-10-06,EUR,1.06382926
2023-10-09,EUR,1.0638292
2023-10-10,EUR,1.06382795
2023-10-11,EUR,1.06382994
2023-10-12,EUR,1.06382893
2023-10-13,EUR,1.06382903
2023-10-16,EUR,1.0638308
2023-10-17,EUR,1.06383041
2023-10-18,EUR,1.06382896
2023-10-19,EUR,1.06382684
2023-10-20,EUR,1.06382886
2023-10-23,EUR,1.06383133
2023-10-24,EUR,1.06382954
2023-10-25,EUR,1.06382977
2023-10-26,EUR,1.06382951
2023-10-27,EUR,1.06382881
2023-10-30,EUR,1.06383046
2023-10-31,EUR,1.06382931
2023-11-01,EUR,1.0869565
2023-11-02,EUR,1.08695629
2023-11-03,EUR,1.08695537
2023-11-06,EUR,1.08695011
2023-11-07,EUR,1.08695647
2023-11-08,EUR,1.08695557
2023-11-09,EUR,1.0869586
2023-11-10,EUR,1.08695638
2023-11-13,EUR,1.08695669
2023-11-14,EUR,1.08695619
2023-11-15,EUR,1.08695516
2023-11-16,EUR,1.08695506
2023-11-17,EUR,1.08695586
2023-11-20,EUR,1.08695725
2023-11-21,EUR,1.08695572
2023-11-22,EUR,1.0869528
2023-11-23,EUR,1.08695546
2023-11-24,EUR,1.08695542
2023-11-27,EUR,1.08695569
2023-11-28,EUR,1.08695879
2023-11-29,EUR,1.0869533
2023-11-30,EUR,1.08695671
2023-12-01,EUR,1.09890155
2023-12-04,EUR,1.09890099
2023-12-05,EUR,1.09889966
2023-12-06,EUR,1.09889754
2023-12-07,EUR,1.09890485
2023-12-08,EUR,1.09890105
2023-12-12,EUR,1.09890131
2023-12-13,EUR,1.09890112
2023-12-14,EUR,1.09890179
2023-12-15,EUR,1.09890361
2023-12-18,EUR,1.09889993
2023-12-19,EUR,1.09890005
2023-12-20,EUR,1.0989005
2023-12-21,EUR,1.09890123
2023-12-22,EUR,1.09890054
2023-12-27,EUR,1.09890483
2023-12-28,EUR,1.09889666
2023-12-29,EUR,1.09890409
2024-01-02,EUR,1.09890353
2024-01-03,EUR,1.0988994
2024-01-04,EUR,1.09890493
2024-01-08,EUR,1.09890081
2024-01-09,EUR,1.0989008
2024-01-10,EUR,1.09890473
2024-01-11,EUR,1.09890158
2024-01-12,EUR,1.09890201
2024-01-15,EUR,1.09889948
2024-01-16,EUR,1.09890023
2024-01-17,EUR,1.09890466
2024-01-18,EUR,1.09889805
2024-01-19,EUR,1.0989009
2024-01-22,EUR,1.09889952
2024-01-23,EUR,1.09890099
2024-01-24,EUR,1.09890103
2024-01-25,EUR,1.09890149
2024-01-26,EUR,1.09889774
2024-01-29,EUR,1.09890058
2024-01-30,EUR,1.09890089
2024-01-31,EUR,1.09890088
2024-02-01,EUR,1.08695087
2024-02-02,EUR,1.08695603
2024-02-05,EUR,1.08695637
2024-02-06,EUR,1.08695414
2024-02-07,EUR,1.08695144
2024-02-08,EUR,1.08695695
2024-02-09,EUR,1.08695313
2024-02-12,EUR,1.08695484
2024-02-13,EUR,1.0869539
2024-02-14,EUR,1.08696031
2024-02-15,EUR,1.08695476
2024-02-16,EUR,1.08695548
2024-02-19,EUR,1.08695704
2024-02-20,EUR,1.08695714
2024-02-21,EUR,1.08695731
2024-02-22,EUR,1.08695108
2024-02-23,EUR,1.08695683
2024-02-26,EUR,1.08695864
2024-02-27,EUR,1.08695767
2024-02-28,EUR,1.08695611
2024-02-29,EUR,1.0869563
2024-03-01,EUR,1.08695642
2024-03-04,EUR,1.08695722
2024-03-05,EUR,1.08695657
2024-03-06,EUR,1.0869566
2024-03-07,EUR,1.0869597
2024-03-08,EUR,1.08695481
2024-03-11,EUR,1.08695636
2024-03-12,EUR,1.08695534
2024-03-13,EUR,1.08698707
2024-03-14,EUR,1.0869566
2024-03-15,EUR,1.08695416
2024-03-18,EUR,1.08695434
2024-03-19,EUR,1.08693665
2024-03-20,EUR,1.08695604
2024-03-21,EUR,1.08695602
2024-03-22,EUR,1.08695573
2024-03-25,EUR,1.0869555
2024-03-26,EUR,1.08695497
2024-03-27,EUR,1.08695508
2024-03-28,EUR,1.08695818
2024-04-01,EUR,1.07527171
2024-04-02,EUR,1.07526794
2024-04-03,EUR,1.07526837
2024-04-04,EUR,1.07526967
2024-04-05,EUR,1.07526591
2024-04-08,EUR,1.0752684
2024-04-09,EUR,1.07526889
2024-04-10,EUR,1.0752681
2024-04-11,EUR,1.0752686
2024-04-12,EUR,1.07526759
2024-04-15,EUR,1.07526846
2024-04-16,EUR,1.07526898
2024-04-17,EUR,1.07526891
2024-04-18,EUR,1.07527853
2024-04-19,EUR,1.07526932
2024-04-22,EUR,1.07527195
2024-04-23,EUR,1.07526986
2024-04-24,EUR,1.07526273
2024-04-25,EUR,1.07526884
2024-04-26,EUR,1.07526969
2024-04-29,EUR,1.07527034
2024-04-30,EUR,1.07526845
2024-05-02,EUR,1.08695508
2024-05-03,EUR,1.0869563
2024-05-06,EUR,1.08695496
2024-05-07,EUR,1.0869567
2024-05-08,EUR,1.08695835
2024-05-10,EUR,1.08696106
2024-05-13,EUR,1.08695665
2024-05-14,EUR,1.08695867
2024-05-15,EUR,1.08695572
2024-05-16,EUR,1.08695776
2024-05-17,EUR,1.08695672
2024-05-21,EUR,1.08695494
2024-05-22,EUR,1.08695646
2024-05-23,EUR,1.08695507
2024-05-24,EUR,1.08695518
2024-05-27,EUR,1.08695676
2024-05-28,EUR,1.08695609
2024-05-29,EUR,1.08695726
2024-05-31,EUR,1.08695487
2024-06-03,EUR,1.0752697
2024-06-04,EUR,1.07526852
2024-06-05,EUR,1.07526692
2024-06-06,EUR,1.0752695
2024-06-07,EUR,1.07526809
2024-06-10,EUR,1.07527124
2024-06-11,EUR,1.07526838
2024-06-12,EUR,1.07526986
2024-06-13,EUR,1.0752702
2024-06-14,EUR,1.07526757
2024-06-17,EUR,1.07526964
2024-06-18,EUR,1.0752709
2024-06-19,EUR,1.07527642
2024-06-20,EUR,1.07527031
2024-06-21,EUR,1.07526785
2024-06-24,EUR,1.07527251
2024-06-25,EUR,1.07526869
2024-06-26,EUR,1.07526989
2024-06-27,EUR,1.07526878
2024-06-28,EUR,1.07526805
2024-07-01,EUR,1.08695513
2024-07-02,EUR,1.08695562
2024-07-03,EUR,1.08695372
2024-07-04,EUR,1.08695694
2024-07-05,EUR,1.08696004
2024-07-08,EUR,1.08695744
2024-07-09,EUR,1.08695727
2024-07-10,EUR,1.08695323
2024-07-11,EUR,1.08695991
2024-07-12,EUR,1.08695533
2024-07-15,EUR,1.08695518
2024-07-16,EUR,1.0869559
2024-07-17,EUR,1.08695743
2024-07-18,EUR,1.08696098
2024-07-19,EUR,1.08695388
2024-07-22,EUR,1.08695687
2024-07-23,EUR,1.08695609
2024-07-24,EUR,1.0869567
2024-07-25,EUR,1.08695771
2024-07-26,EUR,1.08695606
2024-07-29,EUR,1.0869609
2024-07-30,EUR,1.08695738
2024-07-31,EUR,1.08695663
2024-08-01,EUR,1.11111051
2024-08-02,EUR,1.111106
2024-08-05,EUR,1.11111472
2024-08-06,EUR,1.11111057
2024-08-07,EUR,1.11111006
2024-08-08,EUR,1.1111107
2024-08-09,EUR,1.1111099
2024-08-12,EUR,1.11111843
2024-08-13,EUR,1.11111071
2024-08-14,EUR,1.1111162
2024-08-15,EUR,1.11111107
2024-08-16,EUR,1.11110987
2024-08-19,EUR,1.11111143
2024-08-20,EUR,1.11111153
2024-08-21,EUR,1.1111116
2024-08-22,EUR,1.11111092
2024-08-23,EUR,1.11111165
2024-08-26,EUR,1.11111171
2024-08-27,EUR,1.11111025
2024-08-28,EUR,1.11111114
2024-08-29,EUR,1.11111151
2024-08-30,EUR,1.11111175
2024-09-02,EUR,1.11111191
2024-09-03,EUR,1.11110919
2024-09-04,EUR,1.11110947
2024-09-05,EUR,1.11111586
2024-09-06,EUR,1.11111403
2024-09-09,EUR,1.11111021
2024-09-10,EUR,1.11111143
2024-09-11,EUR,1.11111054
2024-09-12,EUR,1.11111029
2024-09-13,EUR,1.11111094
2024-09-16,EUR,1.11111131
2024-09-17,EUR,1.11111222
2024-09-18,EUR,1.11111124
2024-09-19,EUR,1.1111112
2024-09-20,EUR,1.11111163
2024-09-23,EUR,1.11111428
2024-09-24,EUR,1.11111204
2024-09-25,EUR,1.11111104
2024-09-26,EUR,1.11111141
2024-09-27,EUR,1.11111087
2024-09-30,EUR,1.11111048
2024-10-01,EUR,1.08695549
2024-10-02,EUR,1.08695665
2024-10-03,EUR,1.08695716
2024-10-04,EUR,1.08695356
2024-10-07,EUR,1.08695708
2024-10-08,EUR,1.08695678
2024-10-09,EUR,1.08695257
2024-10-10,EUR,1.08695587
2024-10-11,EUR,1.08695797
2024-10-14,EUR,1.08695808
2024-10-15,EUR,1.08695865
2024-10-16,EUR,1.08694537
2024-10-17,EUR,1.08695578
2024-10-18,EUR,1.08695818
2024-10-21,EUR,1.0869517
2024-10-22,EUR,1.08695639
2024-10-23,EUR,1.08695622
2024-10-24,EUR,1.08695649
2024-10-25,EUR,1.086954
2024-10-28,EUR,1.08695541
2024-10-29,EUR,1.08695469
2024-10-30,EUR,1.08695685
2024-10-31,EUR,1.08695946
2024-11-01,EUR,1.06382945
2024-11-04,EUR,1.06382988
2024-11-05,EUR,1.06382904
2024-11-06,EUR,1.06382953
2024-11-07,EUR,1.06382937
2024-11-08,EUR,1.06383294
2024-11-11,EUR,1.06382967
2024-11-12,EUR,1.06382168
2024-11-13,EUR,1.06382645
2024-11-14,EUR,1.06383096
2024-11-15,EUR,1.06383067
2024-11-18,EUR,1.06382874
2024-11-19,EUR,1.06383346
2024-11-20,EUR,1.06382852
2024-11-21,EUR,1.06382957
2024-11-22,EUR,1.06382946
2024-11-25,EUR,1.06382934
2024-11-26,EUR,1.06383213
2024-11-27,EUR,1.06382878
2024-11-28,EUR,1.06382767
2024-11-29,EUR,1.06382698
2024-12-02,EUR,1.05263107
2024-12-03,EUR,1.05263206
2024-12-04,EUR,1.05263021
2024-12-05,EUR,1.05263108
2024-12-06,EUR,1.05263048
2024-12-09,EUR,1.05263188
2024-12-10,EUR,1.05262922
2024-12-11,EUR,1.05263108
2024-12-12,EUR,1.05263089
2024-12-13,EUR,1.05263103
2024-12-16,EUR,1.05263279
2024-12-17,EUR,1.05263163
2024-12-18,EUR,1.05263099
2024-12-19,EUR,1.05263097
2024-12-20,EUR,1.05263204
2024-12-27,EUR,1.05263016
2024-12-30,EUR,1.05262664
2025-01-07,EUR,1.03092718
2025-01-08,EUR,1.03092644
2025-01-09,EUR,1.03092887
2025-01-10,EUR,1.03092681
2025-01-13,EUR,1.0309276
2025-01-14,EUR,1.03092848
2025-01-15,EUR,1.03092679
2025-01-16,EUR,1.03092861
2025-01-17,EUR,1.03092611
2025-01-20,EUR,1.03092894
2025-01-21,EUR,1.03092989
2025-01-22,EUR,1.03092774
2025-01-23,EUR,1.03092554
2025-01-24,EUR,1.03093001
2025-01-27,EUR,1.03092966
2025-01-28,EUR,1.03092925
2025-01-29,EUR,1.03092688
2025-01-30,EUR,1.03092682
2025-01-31,EUR,1.03092714
2025-02-03,EUR,1.04166868
2025-02-04,EUR,1.04166655
2025-02-05,EUR,1.04166684
2025-02-06,EUR,1.04166699
2025-02-07,EUR,1.04166843
2025-02-10,EUR,1.04167021
2025-02-11,EUR,1.04166443
2025-02-12,EUR,1.04166918
2025-02-13,EUR,1.04166633
2025-02-14,EUR,1.0416676
2025-02-17,EUR,1.04166904
2025-02-18,EUR,1.04166822
2025-02-19,EUR,1.04166761
2025-02-20,EUR,1.04166971
2025-02-21,EUR,1.04166654
2025-02-24,EUR,1.04166648
2025-02-25,EUR,1.04166449
2025-02-26,EUR,1.04167184
2025-02-27,EUR,1.04166744
2025-02-28,EUR,1.0416683
2025-03-03,EUR,1.07526738
2025-03-04,EUR,1.07526646
2025-03-05,EUR,1.07526604
2025-03-06,EUR,1.07526932
2025-03-07,EUR,1.07526808
2025-03-10,EUR,1.07526688
2025-03-11,EUR,1.07526832
2025-03-12,EUR,1.07526884
2025-03-13,EUR,1.07526768
2025-03-14,EUR,1.07526631
2025-03-17,EUR,1.07526852
2025-03-18,EUR,1.07526868
2025-03-19,EUR,1.07526929
2025-03-20,EUR,1.07526912
2025-03-21,EUR,1.07526771
2025-03-24,EUR,1.07526922
2025-03-25,EUR,1.07526958
2025-03-26,EUR,1.07526873
2025-03-27,EUR,1.07526703
2025-03-28,EUR,1.07526936
2025-03-31,EUR,1.07527112
2025-04-01,EUR,1.12359387
2025-04-02,EUR,1.1235955
2025-04-03,EUR,1.12359631
2025-04-04,EUR,1.12359817
2025-04-07,EUR,1.12359589
2025-04-08,EUR,1.12359456
2025-04-09,EUR,1.12359414
2025-04-10,EUR,1.12359433
2025-04-11,EUR,1.123598
2025-04-14,EUR,1.12359682
2025-04-15,EUR,1.1235957
2025-04-16,EUR,1.1235986
2025-04-17,EUR,1.12360094
2025-04-22,EUR,1.12359377
2025-04-23,EUR,1.12359881
2025-04-24,EUR,1.12359559
2025-04-25,EUR,1.12359656
2025-04-28,EUR,1.12359788
2025-04-29,EUR,1.12359391
2025-04-30,EUR,1.12359578
2025-05-02,EUR,1.12359461
2025-05-05,EUR,1.1235943
2025-05-06,EUR,1.12359598
2025-05-07,EUR,1.12359554
2025-05-08,EUR,1.12359674
2025-05-09,EUR,1.1235936
2025-05-12,EUR,1.12359532
2025-05-13,EUR,1.12359717
2025-05-14,EUR,1.12359554
2025-05-15,EUR,1.12359648
2025-05-16,EUR,1.12359306
2025-05-19,EUR,1.12359713
2025-05-20,EUR,1.1235906
2025-05-21,EUR,1.12359579
2025-05-22,EUR,1.12359378
2025-05-23,EUR,1.12359705
2025-05-26,EUR,1.12359524
2025-05-27,EUR,1.12359475
2025-05-28,EUR,1.12359557
2025-05-30,EUR,1.12359689
2025-06-01,EUR,1.1494379
2025-06-02,EUR,1.14942792
2025-06-03,EUR,1.14942491
2025-06-04,EUR,1.14942536
2025-06-05,EUR,1.14942531
2025-06-06,EUR,1.14942398
2025-06-10,EUR,1.14942636
2025-06-11,EUR,1.14942402
2025-06-12,EUR,1.14942682
2025-06-13,EUR,1.14942478
2025-06-16,EUR,1.14942505
2025-06-17,EUR,1.14942683
2025-06-18,EUR,1.14942574
2025-06-20,EUR,1.1494267
2025-06-23,EUR,1.149423
2025-06-24,EUR,1.14942549
2025-06-25,EUR,1.14942581
2025-06-26,EUR,1.14942943
2025-06-27,EUR,1.14942545
2025-06-30,EUR,1.14942565
2025-07-01,EUR,1.16279003
2025-07-02,EUR,1.1627897
2025-07-03,EUR,1.16279316
2025-07-04,EUR,1.16279094
2025-07-07,EUR,1.16278872
2025-07-08,EUR,1.16279264
2025-07-09,EUR,1.16279146
2025-07-10,EUR,1.16279063
2025-07-11,EUR,1.16279062
2025-07-14,EUR,1.16279051
2025-07-15,EUR,1.16278979
2025-07-16,EUR,1.16279236
2025-07-17,EUR,1.16278932
2025-07-18,EUR,1.16278894
2025-07-21,EUR,1.16279021
2025-07-22,EUR,1.16278985
2025-07-23,EUR,1.16278848
2025-07-24,EUR,1.16278873
2025-07-25,EUR,1.16279088
2025-07-28,EUR,1.16279304
2025-07-29,EUR,1.16279167
2025-07-30,EUR,1.16278233
2025-07-31,EUR,1.16279146
2025-08-01,EUR,1.16279157
2025-08-04,EUR,1.16279162
2025-08-05,EUR,1.16278666
2025-08-06,EUR,1.16279
2025-08-07,EUR,1.16279029
2025-08-08,EUR,1.16278172
2025-08-11,EUR,1.16279968
2025-08-12,EUR,1.16278902
2025-08-13,EUR,1.16279047
2025-08-14,EUR,1.16279073
2025-08-15,EUR,1.16278742
2025-08-18,EUR,1.16279102
2025-08-19,EUR,1.16279526
2025-08-20,EUR,1.1627908
2025-08-21,EUR,1.16279434
2025-08-22,EUR,1.16279178
2025-08-25,EUR,1.16279181
2025-08-26,EUR,1.16279081
2025-08-27,EUR,1.16279124
2025-08-28,EUR,1.16278885
2025-08-29,EUR,1.16278803
2025-09-01,EUR,1.17647138
2025-09-02,EUR,1.17647152
2025-09-03,EUR,1.17646326
2025-09-04,EUR,1.1764706
2025-09-05,EUR,1.17647166
2025-09-08,EUR,1.17647173
2025-09-09,EUR,1.17647649
2025-09-10,EUR,1.1764689
2025-09-11,EUR,1.1764719
2025-09-12,EUR,1.17651055
2025-09-15,EUR,1.17646866
2025-09-16,EUR,1.17647163
2025-09-17,EUR,1.17646692
2025-09-18,EUR,1.17647051
2025-09-19,EUR,1.17647478
2025-09-22,EUR,1.17647054
2025-09-23,EUR,1.17647042
2025-09-24,EUR,1.17647147
2025-09-25,EUR,1.17647129
2025-09-26,EUR,1.17646872
2025-09-29,EUR,1.17646995
2025-09-30,EUR,1.17647026
2025-10-01,EUR,1.16279106
2025-10-02,EUR,1.16279244
2025-10-06,EUR,1.16278947
2025-10-07,EUR,1.16278876
2025-10-08,EUR,1.16279031
2025-10-09,EUR,1.1627892
2025-10-10,EUR,1.16278909
2025-10-13,EUR,1.16278937
2025-10-14,EUR,1.16279042
2025-10-15,EUR,1.16278981
2025-10-16,EUR,1.1627887
2025-10-17,EUR,1.16279029
2025-10-20,EUR,1.16278335
2025-10-21,EUR,1.16279239
2025-10-22,EUR,1.16279095
2025-10-23,EUR,1.16278994
2025-10-24,EUR,1.1627915
2025-10-27,EUR,1.16279247
2025-10-28,EUR,1.16278656
2025-10-29,EUR,1.16279253
2025-10-30,EUR,1.1627772
2025-10-31,EUR,1.16278939
2025-11-03,EUR,1.16279098
2025-11-04,EUR,1.1627912
2025-11-05,EUR,1.16278969
2025-11-06,EUR,1.16278984
2025-11-07,EUR,1.16279294
2025-11-10,EUR,1.16279218
2025-11-11,EUR,1.16279146
2025-11-12,EUR,1.16279751
2025-11-13,EUR,1.16279068
2025-11-14,EUR,1.16279116
2025-11-17,EUR,1.16279007
2025-11-18,EUR,1.16279086
2025-11-19,EUR,1.1627872
2025-11-20,EUR,1.16279176
2025-11-21,EUR,1.16279144
2025-11-24,EUR,1.16279154
2025-11-25,EUR,1.16279258
2025-11-26,EUR,1.16278929
2025-11-27,EUR,1.16279367
2025-11-28,EUR,1.1627913
2025-12-01,EUR,1.17646966
2025-12-02,EUR,1.17646956
2025-12-03,EUR,1.17647195
2025-12-04,EUR,1.17646975
2025-12-05,EUR,1.17647527
2025-12-08,EUR,1.17646959
2025-12-09,EUR,1.17647094
2025-12-10,EUR,1.1764704
2025-12-11,EUR,1.17647022
2025-12-12,EUR,1.17646956
2025-12-15,EUR,1.17647063
2025-12-16,EUR,1.17646993
2025-12-17,EUR,1.17647086
2025-12-18,EUR,1.1764698
2025-12-19,EUR,1.1764731
2025-12-29,EUR,1.17647847
2026-01-05,EUR,1.17647052
2026-01-06,EUR,1.17647095
2026-01-07,EUR,1.17647102
2026-01-08,EUR,1.17646981
2026-01-09,EUR,1.1764707
2026-01-12,EUR,1.17647092
2026-01-13,EUR,1.17647102
2026-01-14,EUR,1.1764704
2026-01-15,EUR,1.17647191
2026-01-16,EUR,1.17651431
2026-01-19,EUR,1.1764708
2026-01-20,EUR,1.1764686
2026-01-21,EUR,1.1764705
2026-01-22,EUR,1.17647072
2026-01-23,EUR,1.17647206
2026-01-26,EUR,1.17647052
2026-01-27,EUR,1.17647067
2026-01-28,EUR,1.17647086
2026-01-29,EUR,1.17646913
2026-01-30,EUR,1.17647009
2026-02-02,EUR,1.19047448
2026-02-03,EUR,1.19047386
2026-02-04,EUR,1.19047777
2026-02-05,EUR,1.19047529
2026-02-06,EUR,1.19047502
2026-02-09,EUR,1.19047639
2026-02-10,EUR,1.19047422
2026-02-11,EUR,1.19047492
2026-02-12,EUR,1.19047616
2026-02-13,EUR,1.19047694
2026-02-16,EUR,1.19047758
2026-02-17,EUR,1.19047651
2026-02-18,EUR,1.19047683
2026-02-19,EUR,1.19047983
2026-02-20,EUR,1.19047493
2026-02-23,EUR,1.19047184
2026-02-24,EUR,1.19047665
2026-02-25,EUR,1.19047557
2026-02-26,EUR,1.19047619
2026-02-27,EUR,1.19047685
2026-03-02,EUR,1.16279125
2026-03-03,EUR,1.16279018
2026-03-04,EUR,1.16279168
2026-03-05,EUR,1.16279137
2026-03-06,EUR,1.16279113
2026-03-09,EUR,1.16279156
2026-03-10,EUR,1.16278978
2026-03-11,EUR,1.16279152
2026-03-12,EUR,1.16279066
2026-03-13,EUR,1.16279125
2026-03-16,EUR,1.16279108
2026-03-17,EUR,1.16279342
2026-03-18,EUR,1.16278102
2026-03-19,EUR,1.16278886
2026-03-20,EUR,1.16279019
2026-03-23,EUR,1.16278724
2026-03-24,EUR,1.16278914
2026-03-25,EUR,1.16279253
2026-03-26,EUR,1.16278825
2026-03-27,EUR,1.16279146
2026-03-30,EUR,1.16278991
2026-03-31,EUR,1.16279096
2026-04-01,EUR,1.14942383
2026-04-02,EUR,1.14942289
2026-04-07,EUR,1.14942569
2020-01-14,INR,0.01616294
2020-01-17,INR,0.01616295
2020-01-20,INR,0.01616292
2020-01-21,INR,0.01616288
2020-01-22,INR,0.01616294
2020-01-23,INR,0.01616295
2020-01-24,INR,0.0161631
2020-01-27,INR,0.01616293
2020-01-28,INR,0.01616292
2020-01-29,INR,0.01616291
2020-01-30,INR,0.01616291
2020-01-31,INR,0.01616294
2020-02-03,INR,0.01558121
2020-02-04,INR,0.01558117
2020-02-05,INR,0.01558108
2020-02-06,INR,0.01558121
2020-02-07,INR,0.01558107
2020-02-10,INR,0.01558119
2020-02-11,INR,0.01558122
2020-02-12,INR,0.01558115
2020-02-13,INR,0.01558114
2020-02-14,INR,0.0155812
2020-02-17,INR,0.01558123
2020-02-18,INR,0.01558117
2020-02-19,INR,0.01558119
2020-02-20,INR,0.01558139
2020-02-21,INR,0.01558109
2020-02-25,INR,0.01558116
2020-02-26,INR,0.01558118
2020-02-27,INR,0.01558116
2020-02-28,INR,0.01558149
2020-03-02,INR,0.01340679
2020-03-03,INR,0.01340663
2020-03-05,INR,0.01340663
2020-03-06,INR,0.01340661
2020-03-10,INR,0.01340664
2020-03-11,INR,0.01340666
2020-03-12,INR,0.01340662
2020-03-13,INR,0.01340665
2020-03-16,INR,0.01340662
2020-03-17,INR,0.01340663
2020-03-18,INR,0.01340667
2020-03-19,INR,0.01340669
2020-03-20,INR,0.01340658
2020-03-23,INR,0.01340667
2020-03-24,INR,0.01340668
2020-03-25,INR,0.01340661
2020-03-26,INR,0.01340662
2020-03-27,INR,0.01340665
2020-03-30,INR,0.01340672
2020-03-31,INR,0.0134066
2020-04-01,INR,0.01334403
2020-04-02,INR,0.01334405
2020-04-06,INR,0.013344
2020-04-07,INR,0.01334404
2020-04-08,INR,0.013344
2020-04-09,INR,0.01334398
2020-04-13,INR,0.01334371
2020-04-14,INR,0.01334394
2020-04-15,INR,0.013344
2020-04-16,INR,0.01334409
2020-04-20,INR,0.01334402
2020-04-22,INR,0.01334423
2020-04-23,INR,0.01334392
2020-04-27,INR,0.01334406
2020-04-28,INR,0.01334401
2020-04-29,INR,0.01334395
2020-05-06,INR,0.01374005
2020-05-07,INR,0.01374001
2020-05-08,INR,0.01374008
2020-05-12,INR,0.01374006
2020-05-13,INR,0.01373993
2020-05-14,INR,0.01374004
2020-05-15,INR,0.01374004
2020-05-18,INR,0.01374003
2020-05-19,INR,0.01374007
2020-05-20,INR,0.01374001
2020-05-21,INR,0.01374006
2020-05-22,INR,0.01374005
2020-05-25,INR,0.01374004
2020-05-26,INR,0.01373989
2020-05-27,INR,0.01374031
2020-05-28,INR,0.01374004
2020-05-29,INR,0.01374004
2020-06-01,INR,0.01442796
2020-06-02,INR,0.01442795
2020-06-03,INR,0.0144279
2020-06-04,INR,0.0144279
2020-06-05,INR,0.01442785
2020-06-08,INR,0.01442779
2020-06-09,INR,0.01442803
2020-06-10,INR,0.01442787
2020-06-11,INR,0.01442802
2020-06-15,INR,0.01442809
2020-06-16,INR,0.01442792
2020-06-17,INR,0.01442786
2020-06-18,INR,0.01442792
2020-06-19,INR,0.01442793
2020-06-22,INR,0.01442793
2020-06-23,INR,0.01442793
2020-06-25,INR,0.01442786
2020-06-26,INR,0.01442722
2020-06-29,INR,0.01442785
2020-06-30,INR,0.01442792
2020-07-02,INR,0.01398409
2020-07-03,INR,0.01398403
2020-07-06,INR,0.01398404
2020-07-07,INR,0.01398405
2020-07-08,INR,0.01398386
2020-07-09,INR,0.01398402
2020-07-10,INR,0.01398406
2020-07-13,INR,0.01398406
2020-07-14,INR,0.01398406
2020-07-15,INR,0.01398417
2020-07-16,INR,0.01398411
2020-07-17,INR,0.01398406
2020-07-20,INR,0.01398389
2020-07-21,INR,0.01398407
2020-07-22,INR,0.0139841
2020-07-23,INR,0.013984
2020-07-24,INR,0.01398409
2020-07-27,INR,0.01398401
2020-07-28,INR,0.01398393
2020-07-29,INR,0.01398414
2020-07-30,INR,0.01398404
2020-07-31,INR,0.01398406
2020-08-03,INR,0.01353935
2020-08-04,INR,0.0135391
2020-08-05,INR,0.01353916
2020-08-06,INR,0.01353913
2020-08-07,INR,0.0135391
2020-08-10,INR,0.01353897
2020-08-11,INR,0.01353932
2020-08-14,INR,0.01353915
2020-08-17,INR,0.01353913
2020-08-18,INR,0.01353911
2020-08-19,INR,0.0135391
2020-08-20,INR,0.01353914
2020-08-21,INR,0.01353918
2020-08-24,INR,0.01353913
2020-08-25,INR,0.01353917
2020-08-26,INR,0.01353906
2020-08-27,INR,0.01353915
2020-08-28,INR,0.0135395
2020-08-31,INR,0.01353913
2020-09-01,INR,0.01314926
2020-09-02,INR,0.01314924
2020-09-03,INR,0.01314926
2020-09-04,INR,0.01314924
2020-09-07,INR,0.01314926
2020-09-08,INR,0.01314925
2020-09-09,INR,0.01314924
2020-09-10,INR,0.01314924
2020-09-11,INR,0.01314938
2020-09-14,INR,0.0131492
2020-09-15,INR,0.01314926
2020-09-16,INR,0.01314925
2020-09-17,INR,0.01314921
2020-09-18,INR,0.01314937
2020-09-21,INR,0.01314928
2020-09-22,INR,0.01314923
2020-09-23,INR,0.01314925
2020-09-24,INR,0.01314924
2020-09-25,INR,0.01314923
2020-09-28,INR,0.01314928
2020-09-29,INR,0.01314922
2020-09-30,INR,0.01314925
2020-10-01,INR,0.01289177
2020-10-02,INR,0.01289172
2020-10-05,INR,0.01289138
2020-10-06,INR,0.01289158
2020-10-07,INR,0.01289159
2020-10-08,INR,0.0128916
2020-10-09,INR,0.01289158
2020-10-12,INR,0.01289172
2020-10-13,INR,0.01289156
2020-10-14,INR,0.01289158
2020-10-15,INR,0.01289161
2020-10-16,INR,0.01289135
2020-10-19,INR,0.01289158
2020-10-20,INR,0.01289151
2020-10-21,INR,0.01289159
2020-10-22,INR,0.01289163
2020-10-23,INR,0.01289162
2020-10-26,INR,0.01289159
2020-10-27,INR,0.01289158
2020-10-28,INR,0.01289159
2020-10-29,INR,0.01289159
2020-10-30,INR,0.01289157
2020-11-02,INR,0.01301406
2020-11-03,INR,0.01301408
2020-11-05,INR,0.01301403
2020-11-06,INR,0.01301404
2020-11-09,INR,0.01301414
2020-11-10,INR,0.01301404
2020-11-11,INR,0.01301405
2020-11-12,INR,0.01301397
2020-11-13,INR,0.0130141
2020-11-16,INR,0.01301412
2020-11-17,INR,0.01301406
2020-11-18,INR,0.01301406
2020-11-19,INR,0.01301397
2020-11-20,INR,0.01301299
2020-11-23,INR,0.01301401
2020-11-24,INR,0.01301428
2020-11-25,INR,0.01301407
2020-11-27,INR,0.01301454
2020-11-30,INR,0.01301411
2020-12-01,INR,0.01351716
2020-12-02,INR,0.01351717
2020-12-03,INR,0.01351719
2020-12-04,INR,0.01351717
2020-12-07,INR,0.01351715
2020-12-08,INR,0.01351721
2020-12-09,INR,0.01351721
2020-12-10,INR,0.01351713
2020-12-11,INR,0.013517
2020-12-14,INR,0.01351729
2020-12-15,INR,0.01351697
2020-12-16,INR,0.01351712
2020-12-17,INR,0.01351713
2020-12-18,INR,0.01351714
2020-12-21,INR,0.01351717
2020-12-22,INR,0.01351716
2020-12-23,INR,0.01351717
2020-12-25,INR,0.01351717
2020-12-28,INR,0.01351727
2020-12-29,INR,0.01351669
2021-01-11,INR,0.01342652
2021-01-12,INR,0.01342637
2021-01-13,INR,0.01342643
2021-01-14,INR,0.01342643
2021-01-15,INR,0.01342655
2021-01-18,INR,0.013426
2021-01-19,INR,0.01342646
2021-01-20,INR,0.01342635
2021-01-21,INR,0.01342639
2021-01-22,INR,0.01342642
2021-01-25,INR,0.0134264
2021-01-26,INR,0.01342644
2021-01-27,INR,0.01342643
2021-01-28,INR,0.01342643
2021-01-29,INR,0.01342647
2021-02-01,INR,0.01345352
2021-02-03,INR,0.01345353
2021-02-04,INR,0.01345353
2021-02-05,INR,0.01345346
2021-02-08,INR,0.01345352
2021-02-09,INR,0.01345358
2021-02-10,INR,0.01345351
2021-02-11,INR,0.01345366
2021-02-12,INR,0.01345299
2021-02-15,INR,0.01345362
2021-02-16,INR,0.01345346
2021-02-17,INR,0.01345315
2021-02-18,INR,0.01345371
2021-02-19,INR,0.0134536
2021-02-24,INR,0.01345354
2021-02-25,INR,0.0134535
2021-03-01,INR,0.01341741
2021-03-02,INR,0.01341741
2021-03-03,INR,0.01341742
2021-03-04,INR,0.0134174
2021-03-09,INR,0.01341753
2021-03-10,INR,0.01341713
2021-03-11,INR,0.01341746
2021-03-12,INR,0.01341739
2021-03-15,INR,0.01341745
2021-03-16,INR,0.01341736
2021-03-17,INR,0.01341745
2021-03-18,INR,0.01341748
2021-03-19,INR,0.0134174
2021-03-22,INR,0.0134175
2021-03-23,INR,0.01341746
2021-03-24,INR,0.01341739
2021-03-25,INR,0.0134173
2021-03-26,INR,0.01341748
2021-03-29,INR,0.0134174
2021-03-30,INR,0.01341736
2021-03-31,INR,0.01341739
2021-04-01,INR,0.01314579
2021-04-02,INR,0.01314579
2021-04-05,INR,0.01314576
2021-04-06,INR,0.01314575
2021-04-07,INR,0.01314581
2021-04-08,INR,0.01314578
2021-04-09,INR,0.01314575
2021-04-12,INR,0.01314581
2021-04-13,INR,0.01314579
2021-04-14,INR,0.01314582
2021-04-15,INR,0.01314578
2021-04-16,INR,0.01314579
2021-04-19,INR,0.01314569
2021-04-20,INR,0.0131458
2021-04-21,INR,0.01314588
2021-04-22,INR,0.01314581
2021-04-23,INR,0.01314566
2021-04-26,INR,0.01314622
2021-04-27,INR,0.0131458
2021-04-28,INR,0.01314571
2021-04-29,INR,0.01314584
2021-04-30,INR,0.0131458
2021-05-04,INR,0.01352408
2021-05-11,INR,0.01352436
2021-05-12,INR,0.01352447
2021-05-13,INR,0.01352449
2021-05-14,INR,0.01352448
2021-05-17,INR,0.01352452
2021-05-18,INR,0.01352449
2021-05-19,INR,0.01352452
2021-05-20,INR,0.01352424
2021-05-24,INR,0.01352448
2021-05-25,INR,0.01352447
2021-05-26,INR,0.01352448
2021-05-27,INR,0.01352451
2021-05-28,INR,0.0135245
2021-05-31,INR,0.01352446
2021-06-01,INR,0.01377981
2021-06-02,INR,0.01377986
2021-06-03,INR,0.01377972
2021-06-07,INR,0.01377981
2021-06-08,INR,0.01377979
2021-06-09,INR,0.01377981
2021-06-10,INR,0.0137798
2021-06-11,INR,0.01377984
2021-06-15,INR,0.0137799
2021-06-16,INR,0.01377977
2021-06-17,INR,0.01377982
2021-06-18,INR,0.0137799
2021-06-21,INR,0.01377982
2021-06-22,INR,0.01377988
2021-06-23,INR,0.01377986
2021-06-24,INR,0.01377985
2021-06-25,INR,0.01377988
2021-06-28,INR,0.0137798
2021-06-29,INR,0.01377979
2021-06-30,INR,0.01377979
2021-07-01,INR,0.01352816
2021-07-02,INR,0.01352815
2021-07-05,INR,0.01352812
2021-07-06,INR,0.01352813
2021-07-07,INR,0.01352813
2021-07-08,INR,0.0135281
2021-07-09,INR,0.01352814
2021-07-12,INR,0.01352815
2021-07-13,INR,0.01352814
2021-07-14,INR,0.01352809
2021-07-15,INR,0.01352835
2021-07-16,INR,0.01352818
2021-07-19,INR,0.01352815
2021-07-20,INR,0.0135282
2021-07-21,INR,0.01352838
2021-07-22,INR,0.01352815
2021-07-23,INR,0.01352817
2021-07-26,INR,0.01352815
2021-07-27,INR,0.01352814
2021-07-28,INR,0.01352812
2021-07-29,INR,0.01352813
2021-07-30,INR,0.01352815
2021-08-02,INR,0.01359626
2021-08-03,INR,0.01359625
2021-08-04,INR,0.01359627
2021-08-05,INR,0.01359619
2021-08-06,INR,0.01359629
2021-08-09,INR,0.01359616
2021-08-10,INR,0.01359624
2021-08-11,INR,0.01359618
2021-08-12,INR,0.0135962
2021-08-16,INR,0.01359604
2021-08-17,INR,0.01359642
2021-08-18,INR,0.01359619
2021-08-19,INR,0.01359625
2021-08-20,INR,0.01359661
2021-08-23,INR,0.01359616
2021-08-24,INR,0.01359619
2021-08-25,INR,0.01359614
2021-08-26,INR,0.01359622
2021-08-27,INR,0.01359613
2021-08-30,INR,0.01359627
2021-08-31,INR,0.01359615
2021-09-01,INR,0.01371932
2021-09-02,INR,0.01371928
2021-09-03,INR,0.01371933
2021-09-06,INR,0.01371933
2021-09-07,INR,0.01371925
2021-09-08,INR,0.01371926
2021-09-09,INR,0.0137193
2021-09-10,INR,0.01371923
2021-09-13,INR,0.01371932
2021-09-14,INR,0.01371929
2021-09-15,INR,0.01371935
2021-09-16,INR,0.01371929
2021-09-17,INR,0.01371932
2021-09-20,INR,0.01371928
2021-09-21,INR,0.01371946
2021-09-23,INR,0.01371931
2021-09-24,INR,0.0137193
2021-09-27,INR,0.01371925
2021-09-28,INR,0.01371933
2021-09-29,INR,0.0137193
2021-09-30,INR,0.01371934
2021-10-01,INR,0.01402325
2021-10-04,INR,0.01402317
2021-10-05,INR,0.01402326
2021-10-06,INR,0.01402321
2021-10-07,INR,0.0140233
2021-10-08,INR,0.01402321
2021-10-11,INR,0.0140232
2021-10-12,INR,0.0140233
2021-10-14,INR,0.01402308
2021-10-15,INR,0.01402331
2021-10-18,INR,0.01402328
2021-10-19,INR,0.0140232
2021-10-20,INR,0.01402328
2021-10-21,INR,0.0140233
2021-10-22,INR,0.0140233
2021-10-25,INR,0.01402328
2021-10-26,INR,0.01402326
2021-10-27,INR,0.01402333
2021-10-28,INR,0.01402285
2021-10-29,INR,0.01402328
2021-11-01,INR,0.01370233
2021-11-02,INR,0.01370233
2021-11-08,INR,0.01370241
2021-11-09,INR,0.01370238
2021-11-10,INR,0.01370244
2021-11-11,INR,0.01370239
2021-11-12,INR,0.01370225
2021-11-15,INR,0.01370237
2021-11-16,INR,0.01370237
2021-11-17,INR,0.01370221
2021-11-18,INR,0.01370239
2021-11-19,INR,0.01370241
2021-11-22,INR,0.01370239
2021-11-23,INR,0.01370239
2021-11-24,INR,0.0137023
2021-11-25,INR,0.01370239
2021-11-26,INR,0.01370239
2021-11-29,INR,0.01370244
2021-12-01,INR,0.01354095
2021-12-02,INR,0.01354099
2021-12-03,INR,0.01354113
2021-12-06,INR,0.01354096
2021-12-07,INR,0.01354095
2021-12-08,INR,0.01354096
2021-12-09,INR,0.01354096
2021-12-10,INR,0.01354093
2021-12-13,INR,0.01354095
2021-12-14,INR,0.0135409
2021-12-15,INR,0.01354101
2021-12-16,INR,0.01354097
2021-12-17,INR,0.01354096
2021-12-20,INR,0.01354097
2021-12-21,INR,0.01354097
2021-12-22,INR,0.0135412
2021-12-23,INR,0.01354097
2021-12-27,INR,0.01354096
2021-12-29,INR,0.01354096
2021-12-30,INR,0.01354096
2022-01-10,INR,0.01306336
2022-01-11,INR,0.0130634
2022-01-12,INR,0.01306337
2022-01-13,INR,0.01306335
2022-01-14,INR,0.01306336
2022-01-17,INR,0.01306342
2022-01-18,INR,0.01306351
2022-01-19,INR,0.01306323
2022-01-20,INR,0.01306337
2022-01-21,INR,0.01306331
2022-01-24,INR,0.01306329
2022-01-25,INR,0.01306335
2022-01-26,INR,0.01306327
2022-01-27,INR,0.01306344
2022-01-28,INR,0.0130632
2022-01-31,INR,0.01306327
2022-02-01,INR,0.01269843
2022-02-02,INR,0.01269842
2022-02-03,INR,0.01269841
2022-02-04,INR,0.01269841
2022-02-07,INR,0.0126984
2022-02-08,INR,0.01269836
2022-02-09,INR,0.01269845
2022-02-10,INR,0.01269844
2022-02-11,INR,0.01269841
2022-02-14,INR,0.01269855
2022-02-15,INR,0.01269842
2022-02-16,INR,0.01269842
2022-02-17,INR,0.01269842
2022-02-18,INR,0.01269835
2022-02-21,INR,0.01269849
2022-02-22,INR,0.01269852
2022-02-24,INR,0.01269857
2022-02-25,INR,0.01269844
2022-02-28,INR,0.01269841
2022-03-01,INR,0.00904
2022-03-02,INR,0.00903998
2022-03-03,INR,0.00903997
2022-03-04,INR,0.00903995
2022-03-09,INR,0.00903999
2022-03-10,INR,0.00903996
2022-03-11,INR,0.00903996
2022-03-14,INR,0.00903998
2022-03-15,INR,0.00903992
2022-03-16,INR,0.00903995
2022-03-17,INR,0.00904
2022-03-18,INR,0.00904027
2022-03-21,INR,0.00903993
2022-03-22,INR,0.00903994
2022-03-23,INR,0.00903996
2022-03-24,INR,0.00903997
2022-03-25,INR,0.00903994
2022-03-28,INR,0.00903994
2022-03-29,INR,0.00903996
2022-03-30,INR,0.00903995
2022-04-01,INR,0.01247819
2022-04-04,INR,0.01247817
2022-04-06,INR,0.01247814
2022-04-07,INR,0.01247858
2022-04-08,INR,0.01247832
2022-04-11,INR,0.01247815
2022-04-14,INR,0.01247813
2022-04-15,INR,0.01247818
2022-04-18,INR,0.01247816
2022-04-19,INR,0.01247815
2022-04-20,INR,0.01247817
2022-04-21,INR,0.01247816
2022-04-22,INR,0.01247819
2022-04-25,INR,0.01247816
2022-04-26,INR,0.01247816
2022-04-27,INR,0.01247816
2022-04-28,INR,0.01247836
2022-05-04,INR,0.01532814
2022-05-11,INR,0.01532802
2022-05-12,INR,0.01532804
2022-05-16,INR,0.01532809
2022-05-17,INR,0.01532806
2022-05-18,INR,0.01532801
2022-05-19,INR,0.01532793
2022-05-20,INR,0.01532804
2022-05-23,INR,0.01532794
2022-05-24,INR,0.01532831
2022-05-25,INR,0.01532803
2022-05-26,INR,0.01532794
2022-05-27,INR,0.01532795
2022-05-30,INR,0.01532858
2022-05-31,INR,0.01532799
2022-06-01,INR,0.01735513
2022-06-02,INR,0.01735519
2022-06-03,INR,0.01735507
2022-06-06,INR,0.01735524
2022-06-07,INR,0.01735506
2022-06-08,INR,0.01735515
2022-06-09,INR,0.01735537
2022-06-10,INR,0.01735514
2022-06-14,INR,0.01735509
2022-06-15,INR,0.01735507
2022-06-16,INR,0.01735515
2022-06-17,INR,0.01735507
2022-06-20,INR,0.01735509
2022-06-21,INR,0.01735507
2022-06-22,INR,0.01735509
2022-06-23,INR,0.01735508
2022-06-24,INR,0.01735508
2022-06-27,INR,0.01735507
2022-06-28,INR,0.01735523
2022-06-29,INR,0.01735504
2022-07-01,INR,0.01680091
2022-07-04,INR,0.01680084
2022-07-06,INR,0.01680111
2022-07-11,INR,0.01680108
2022-07-12,INR,0.01680103
2022-07-13,INR,0.0168011
2022-07-18,INR,0.01680107
2022-07-19,INR,0.01680104
2022-07-20,INR,0.01680121
2022-07-21,INR,0.01680108
2022-07-27,INR,0.0168011
2022-07-28,INR,0.01680106
2022-07-29,INR,0.01680105
2022-08-01,INR,0.01645008
2022-08-10,INR,0.0164501
2022-08-11,INR,0.01645007
2022-08-12,INR,0.01645008
2022-08-15,INR,0.01645009
2022-08-16,INR,0.01645005
2022-08-17,INR,0.0164501
2022-08-18,INR,0.01645008
2022-08-19,INR,0.01645007
2022-08-22,INR,0.01645007
2022-08-23,INR,0.01645002
2022-08-24,INR,0.01645005
2022-08-25,INR,0.01645025
2022-08-26,INR,0.01645007
2022-08-29,INR,0.01645027
2022-08-30,INR,0.0164501
2022-08-31,INR,0.01645004
2022-09-01,INR,0.01662784
2022-09-02,INR,0.01662801
2022-09-05,INR,0.01662788
2022-09-06,INR,0.01662791
2022-09-07,INR,0.01662797
2022-09-08,INR,0.01662785
2022-09-09,INR,0.01662786
2022-09-12,INR,0.01662787
2022-09-13,INR,0.01662797
2022-09-14,INR,0.01662785
2022-09-15,INR,0.01662777
2022-09-16,INR,0.01662781
2022-09-19,INR,0.01662785
2022-09-20,INR,0.01662806
2022-09-21,INR,0.01662788
2022-09-22,INR,0.01662788
2022-09-23,INR,0.01662783
2022-09-26,INR,0.01662794
2022-09-27,INR,0.01662787
2022-09-28,INR,0.01662796
2022-09-29,INR,0.01662785
2022-09-30,INR,0.01662786
2022-10-03,INR,0.01616275
2022-10-04,INR,0.01616295
2022-10-05,INR,0.01616298
2022-10-06,INR,0.01616299
2022-10-07,INR,0.01616295
2022-10-11,INR,0.01616291
2022-10-12,INR,0.01616308
2022-10-13,INR,0.01616293
2022-10-14,INR,0.01616289
2022-10-17,INR,0.01616293
2022-10-18,INR,0.01616294
2022-10-19,INR,0.01616293
2022-10-20,INR,0.01616298
2022-10-21,INR,0.01616292
2022-10-24,INR,0.01616259
2022-10-25,INR,0.01616296
2022-10-26,INR,0.01616293
2022-10-27,INR,0.01616305
2022-10-28,INR,0.01616316
2022-10-31,INR,0.01616298
2022-11-01,INR,0.01637472
2022-11-02,INR,0.01637466
2022-11-07,INR,0.01637461
2022-11-08,INR,0.01637466
2022-11-09,INR,0.01637468
2022-11-11,INR,0.01637465
2022-11-14,INR,0.01637469
2022-11-15,INR,0.01637466
2022-11-16,INR,0.01637466
2022-11-17,INR,0.01637464
2022-11-18,INR,0.01637464
2022-11-21,INR,0.01637464
2022-11-22,INR,0.01637464
2022-11-23,INR,0.01637466
2022-11-24,INR,0.01637467
2022-11-25,INR,0.01637459
2022-11-29,INR,0.01637464
2022-11-30,INR,0.0163747
2022-12-01,INR,0.01506024
2022-12-02,INR,0.01506025
2022-12-05,INR,0.01506024
2022-12-06,INR,0.01506023
2022-12-07,INR,0.01506025
2022-12-08,INR,0.01506024
2022-12-09,INR,0.01506025
2022-12-12,INR,0.01506024
2022-12-13,INR,0.01506024
2022-12-14,INR,0.01506025
2022-12-15,INR,0.01506025
2022-12-16,INR,0.01506015
2022-12-19,INR,0.01506024
2022-12-20,INR,0.01506023
2022-12-21,INR,0.01506019
2022-12-22,INR,0.01506022
2022-12-27,INR,0.01506062
2022-12-28,INR,0.01506025
2022-12-30,INR,0.01506024
2022-12-31,INR,0.01506024
2023-01-09,INR,0.01429387
2023-01-10,INR,0.0142939
2023-01-11,INR,0.01429388
2023-01-12,INR,0.01429389
2023-01-13,INR,0.01429389
2023-01-16,INR,0.01429389
2023-01-17,INR,0.01429389
2023-01-18,INR,0.01429388
2023-01-19,INR,0.01429382
2023-01-20,INR,0.01429397
2023-01-23,INR,0.01429386
2023-01-24,INR,0.01429382
2023-01-25,INR,0.01429384
2023-01-26,INR,0.01429393
2023-01-27,INR,0.01429388
2023-01-30,INR,0.01429388
2023-01-31,INR,0.01429388
2023-02-01,INR,0.01360174
2023-02-02,INR,0.01360188
2023-02-03,INR,0.01360183
2023-02-06,INR,0.01360176
2023-02-07,INR,0.01360176
2023-02-08,INR,0.01360178
2023-02-09,INR,0.01360174
2023-02-10,INR,0.01360174
2023-02-13,INR,0.01360177
2023-02-14,INR,0.01360175
2023-02-15,INR,0.01360175
2023-02-16,INR,0.01360172
2023-02-17,INR,0.01360175
2023-02-20,INR,0.01360174
2023-02-21,INR,0.01360172
2023-02-22,INR,0.01360175
2023-02-27,INR,0.01360175
2023-02-28,INR,0.01360176
2023-03-01,INR,0.01309929
2023-03-02,INR,0.01309927
2023-03-03,INR,0.01309929
2023-03-06,INR,0.01309925
2023-03-07,INR,0.01309929
2023-03-09,INR,0.01309925
2023-03-10,INR,0.01309937
2023-03-13,INR,0.01309929
2023-03-14,INR,0.01309929
2023-03-15,INR,0.01309929
2023-03-16,INR,0.0130993
2023-03-17,INR,0.01309932
2023-03-20,INR,0.01309927
2023-03-21,INR,0.01309927
2023-03-22,INR,0.01309927
2023-03-23,INR,0.01309931
2023-03-24,INR,0.01309929
2023-03-27,INR,0.0130993
2023-03-28,INR,0.01309931
2023-03-29,INR,0.01309931
2023-03-30,INR,0.0130993
2023-03-31,INR,0.01309929
2023-04-03,INR,0.01234721
2023-04-04,INR,0.01234721
2023-04-05,INR,0.01234722
2023-04-06,INR,0.0123472
2023-04-07,INR,0.01234718
2023-04-10,INR,0.0123472
2023-04-11,INR,0.01234724
2023-04-12,INR,0.0123472
2023-04-13,INR,0.0123472
2023-04-14,INR,0.01234719
2023-04-17,INR,0.01234721
2023-04-18,INR,0.01234721
2023-04-19,INR,0.01234717
2023-04-20,INR,0.01234721
2023-04-21,INR,0.01234722
2023-04-24,INR,0.0123472
2023-04-25,INR,0.0123472
2023-04-26,INR,0.01234721
2023-04-27,INR,0.0123472
2023-04-28,INR,0.01234721
2023-05-02,INR,0.01263425
2023-05-03,INR,0.01263421
2023-05-04,INR,0.01263422
2023-05-05,INR,0.01263423
2023-05-10,INR,0.01263425
2023-05-11,INR,0.01263424
2023-05-12,INR,0.01263424
2023-05-15,INR,0.01263421
2023-05-16,INR,0.01263432
2023-05-17,INR,0.01263423
2023-05-18,INR,0.01263419
2023-05-19,INR,0.01263424
2023-05-22,INR,0.01263424
2023-05-23,INR,0.01263428
2023-05-24,INR,0.0126343
2023-05-25,INR,0.01263423
2023-05-26,INR,0.01263423
2023-05-29,INR,0.01263424
2023-05-30,INR,0.01263427
2023-05-31,INR,0.01263424
2023-06-01,INR,0.01199041
2023-06-02,INR,0.01199041
2023-06-05,INR,0.01199041
2023-06-06,INR,0.01199041
2023-06-07,INR,0.01199043
2023-06-08,INR,0.01199041
2023-06-09,INR,0.01199045
2023-06-13,INR,0.01199041
2023-06-14,INR,0.01199041
2023-06-15,INR,0.0119904
2023-06-16,INR,0.01199043
2023-06-19,INR,0.01199053
2023-06-20,INR,0.01199038
2023-06-21,INR,0.01199036
2023-06-22,INR,0.01199042
2023-06-23,INR,0.01199041
2023-06-26,INR,0.01199041
2023-06-27,INR,0.01199041
2023-06-28,INR,0.01199041
2023-06-29,INR,0.0119904
2023-06-30,INR,0.01199041
2023-07-03,INR,0.01103753
2023-07-04,INR,0.01103753
2023-07-05,INR,0.01103751
2023-07-06,INR,0.01103754
2023-07-07,INR,0.01103753
2023-07-10,INR,0.01103753
2023-07-11,INR,0.01103752
2023-07-12,INR,0.01103758
2023-07-13,INR,0.0110376
2023-07-14,INR,0.01103754
2023-07-17,INR,0.01103766
2023-07-18,INR,0.01103754
2023-07-19,INR,0.01103753
2023-07-20,INR,0.01103755
2023-07-21,INR,0.01103753
2023-07-24,INR,0.01103753
2023-07-25,INR,0.01103753
2023-07-26,INR,0.01103753
2023-07-27,INR,0.01103753
2023-07-28,INR,0.01103753
2023-07-31,INR,0.01103752
2023-08-01,INR,0.01043517
2023-08-02,INR,0.01043516
2023-08-03,INR,0.01043515
2023-08-04,INR,0.01043515
2023-08-07,INR,0.01043515
2023-08-08,INR,0.01043515
2023-08-09,INR,0.01043515
2023-08-10,INR,0.01043515
2023-08-11,INR,0.01043515
2023-08-14,INR,0.01043516
2023-08-15,INR,0.01043514
2023-08-16,INR,0.01043515
2023-08-17,INR,0.01043517
2023-08-18,INR,0.01043515
2023-08-21,INR,0.01043514
2023-08-22,INR,0.01043515
2023-08-23,INR,0.01043516
2023-08-24,INR,0.01043518
2023-08-25,INR,0.01043515
2023-08-28,INR,0.01043513
2023-08-29,INR,0.01043519
2023-08-30,INR,0.0104352
2023-08-31,INR,0.0104351
2023-09-01,INR,0.01033807
2023-09-04,INR,0.01033806
2023-09-05,INR,0.01033806
2023-09-06,INR,0.01033806
2023-09-07,INR,0.01033805
2023-09-08,INR,0.01033805
2023-09-11,INR,0.01033805
2023-09-12,INR,0.01033806
2023-09-13,INR,0.01033806
2023-09-14,INR,0.01033807
2023-09-15,INR,0.01033804
2023-09-18,INR,0.01033805
2023-09-19,INR,0.01033808
2023-09-20,INR,0.01033806
2023-09-21,INR,0.01033814
2023-09-22,INR,0.01033808
2023-09-25,INR,0.01033806
2023-09-26,INR,0.01033805
2023-09-27,INR,0.01033805
2023-09-28,INR,0.01033816
2023-09-29,INR,0.01033811
2023-10-02,INR,0.01030396
2023-10-03,INR,0.01030397
2023-10-04,INR,0.01030397
2023-10-05,INR,0.01030395
2023-10-06,INR,0.01030398
2023-10-09,INR,0.01030394
2023-10-10,INR,0.01030398
2023-10-11,INR,0.01030397
2023-10-12,INR,0.01030405
2023-10-13,INR,0.010304
2023-10-16,INR,0.01030395
2023-10-17,INR,0.01030396
2023-10-18,INR,0.01030398
2023-10-19,INR,0.01030397
2023-10-20,INR,0.01030398
2023-10-23,INR,0.01030396
2023-10-24,INR,0.01030395
2023-10-25,INR,0.01030397
2023-10-26,INR,0.01030397
2023-10-27,INR,0.010304
2023-10-30,INR,0.01030397
2023-10-31,INR,0.01030393
2023-11-01,INR,0.01103997
2023-11-02,INR,0.01103996
2023-11-03,INR,0.01103996
2023-11-07,INR,0.01103998
2023-11-08,INR,0.01103996
2023-11-09,INR,0.01103998
2023-11-10,INR,0.01104001
2023-11-13,INR,0.01103996
2023-11-14,INR,0.01103997
2023-11-15,INR,0.01103996
2023-11-16,INR,0.01103997
2023-11-17,INR,0.01103997
2023-11-20,INR,0.01103996
2023-11-21,INR,0.01103995
2023-11-22,INR,0.01103996
2023-11-23,INR,0.01104004
2023-11-24,INR,0.01103997
2023-11-27,INR,0.01103999
2023-11-28,INR,0.01103998
2023-11-29,INR,0.01103987
2023-11-30,INR,0.01103997
2023-12-01,INR,0.01098303
2023-12-04,INR,0.01098298
2023-12-05,INR,0.01098297
2023-12-06,INR,0.01098291
2023-12-07,INR,0.01098296
2023-12-08,INR,0.01098297
2023-12-11,INR,0.01098298
2023-12-12,INR,0.01098298
2023-12-13,INR,0.01098297
2023-12-14,INR,0.01098296
2023-12-15,INR,0.010983
2023-12-18,INR,0.01098297
2023-12-19,INR,0.01098297
2023-12-20,INR,0.01098298
2023-12-21,INR,0.01098299
2023-12-22,INR,0.01098296
2023-12-25,INR,0.01098298
2023-12-26,INR,0.01098299
2023-12-27,INR,0.01098292
2023-12-28,INR,0.01098298
2024-01-09,INR,0.01113588
2024-01-10,INR,0.01113587
2024-01-11,INR,0.01113584
2024-01-12,INR,0.0111359
2024-01-15,INR,0.01113588
2024-01-16,INR,0.0111359
2024-01-17,INR,0.01113587
2024-01-18,INR,0.01113585
2024-01-19,INR,0.01113584
2024-01-22,INR,0.01113586
2024-01-23,INR,0.01113583
2024-01-24,INR,0.01113583
2024-01-25,INR,0.01113586
2024-01-26,INR,0.01113585
2024-01-29,INR,0.01113585
2024-01-30,INR,0.01113586
2024-01-31,INR,0.01113587
2024-02-01,INR,0.01093852
2024-02-02,INR,0.01093851
2024-02-05,INR,0.01093847
2024-02-06,INR,0.01093848
2024-02-07,INR,0.01093856
2024-02-08,INR,0.01093856
2024-02-12,INR,0.01093853
2024-02-13,INR,0.0109384
2024-02-14,INR,0.01093855
2024-02-15,INR,0.01093849
2024-02-16,INR,0.01093849
2024-02-19,INR,0.01093853
2024-02-20,INR,0.01093849
2024-02-21,INR,0.01093853
2024-02-22,INR,0.01093852
2024-02-26,INR,0.01093852
2024-02-27,INR,0.01093855
2024-02-28,INR,0.01093852
2024-02-29,INR,0.01093851
2024-03-01,INR,0.01088612
2024-03-04,INR,0.01088612
2024-03-05,INR,0.0108861
2024-03-06,INR,0.01088619
2024-03-07,INR,0.01088615
2024-03-11,INR,0.01088613
2024-03-12,INR,0.01088599
2024-03-13,INR,0.01088618
2024-03-14,INR,0.01088613
2024-03-15,INR,0.01088614
2024-03-18,INR,0.0108861
2024-03-19,INR,0.01088618
2024-03-20,INR,0.01088613
2024-03-21,INR,0.01088613
2024-03-22,INR,0.01088613
2024-03-25,INR,0.01088614
2024-03-26,INR,0.01088613
2024-03-27,INR,0.01088612
2024-03-28,INR,0.01088615
2024-03-29,INR,0.01088612
2024-04-01,INR,0.01075384
2024-04-02,INR,0.01075384
2024-04-03,INR,0.01075379
2024-04-04,INR,0.01075381
2024-04-05,INR,0.01075383
2024-04-08,INR,0.01075385
2024-04-09,INR,0.01075385
2024-04-10,INR,0.01075384
2024-04-11,INR,0.01075387
2024-04-12,INR,0.01075385
2024-04-15,INR,0.01075386
2024-04-16,INR,0.01075386
2024-04-17,INR,0.01075385
2024-04-18,INR,0.01075382
2024-04-19,INR,0.01075393
2024-04-22,INR,0.01075387
2024-04-23,INR,0.01075381
2024-04-24,INR,0.01075385
2024-04-25,INR,0.01075383
2024-04-26,INR,0.01075386
2024-04-27,INR,0.01075382
2024-05-02,INR,0.01097454
2024-05-03,INR,0.01097454
2024-05-06,INR,0.01097454
2024-05-07,INR,0.01097454
2024-05-08,INR,0.01097454
2024-05-13,INR,0.01097454
2024-05-14,INR,0.0109745
2024-05-15,INR,0.01097456
2024-05-16,INR,0.01097453
2024-05-17,INR,0.01097454
2024-05-20,INR,0.01097457
2024-05-21,INR,0.01097452
2024-05-22,INR,0.0109745
2024-05-23,INR,0.01097453
2024-05-24,INR,0.01097455
2024-05-27,INR,0.01097449
2024-05-28,INR,0.01097452
2024-05-29,INR,0.01097454
2024-05-30,INR,0.01097453
2024-05-31,INR,0.01097454
2024-06-03,INR,0.01134431
2024-06-04,INR,0.0113443
2024-06-05,INR,0.01134427
2024-06-06,INR,0.01134433
2024-06-07,INR,0.01134429
2024-06-10,INR,0.01134429
2024-06-11,INR,0.01134429
2024-06-13,INR,0.01134437
2024-06-14,INR,0.01134426
2024-06-17,INR,0.01134422
2024-06-18,INR,0.01134465
2024-06-19,INR,0.01134415
2024-06-20,INR,0.01134431
2024-06-21,INR,0.01134429
2024-06-24,INR,0.0113443
2024-06-25,INR,0.01134429
2024-06-26,INR,0.01134429
2024-06-27,INR,0.0113443
2024-06-28,INR,0.0113443
2024-07-01,INR,0.01145081
2024-07-02,INR,0.01145081
2024-07-03,INR,0.01145077
2024-07-04,INR,0.01145082
2024-07-05,INR,0.01145094
2024-07-08,INR,0.01145092
2024-07-09,INR,0.01145082
2024-07-10,INR,0.01145078
2024-07-11,INR,0.01145082
2024-07-12,INR,0.01145079
2024-07-15,INR,0.01145081
2024-07-16,INR,0.01145081
2024-07-17,INR,0.01145083
2024-07-18,INR,0.01145084
2024-07-19,INR,0.01145083
2024-07-22,INR,0.01145082
2024-07-23,INR,0.0114508
2024-07-24,INR,0.0114509
2024-07-25,INR,0.01145086
2024-07-26,INR,0.01145082
2024-07-29,INR,0.01145083
2024-07-30,INR,0.01145088
2024-07-31,INR,0.01145083
2024-08-01,INR,0.01123596
2024-08-02,INR,0.01123592
2024-08-05,INR,0.01123596
2024-08-06,INR,0.01123588
2024-08-07,INR,0.01123596
2024-08-08,INR,0.01123597
2024-08-09,INR,0.01123601
2024-08-12,INR,0.01123597
2024-08-13,INR,0.01123596
2024-08-14,INR,0.01123594
2024-08-15,INR,0.01123593
2024-08-16,INR,0.01123596
2024-08-19,INR,0.01123596
2024-08-20,INR,0.01123596
2024-08-22,INR,0.01123594
2024-08-23,INR,0.01123596
2024-08-26,INR,0.01123595
2024-08-27,INR,0.01123594
2024-08-28,INR,0.01123597
2024-08-29,INR,0.011236
2024-08-30,INR,0.01123596
2024-09-02,INR,0.01095657
2024-09-03,INR,0.01095649
2024-09-04,INR,0.0109565
2024-09-05,INR,0.01095652
2024-09-06,INR,0.01095646
2024-09-09,INR,0.01095647
2024-09-10,INR,0.01095652
2024-09-11,INR,0.01095644
2024-09-12,INR,0.01095651
2024-09-13,INR,0.0109565
2024-09-16,INR,0.01095652
2024-09-17,INR,0.0109565
2024-09-18,INR,0.0109565
2024-09-19,INR,0.01095645
2024-09-20,INR,0.01095658
2024-09-23,INR,0.01095658
2024-09-24,INR,0.0109565
2024-09-25,INR,0.01095652
2024-09-26,INR,0.01095649
2024-09-27,INR,0.01095651
2024-09-30,INR,0.01095651
2024-10-01,INR,0.01038742
2024-10-02,INR,0.01038752
2024-10-03,INR,0.01038747
2024-10-04,INR,0.01038743
2024-10-07,INR,0.01038746
2024-10-08,INR,0.01038746
2024-10-09,INR,0.01038747
2024-10-10,INR,0.01038745
2024-10-11,INR,0.01038747
2024-10-14,INR,0.01038745
2024-10-15,INR,0.01038746
2024-10-16,INR,0.01038747
2024-10-17,INR,0.01038745
2024-10-18,INR,0.01038744
2024-10-21,INR,0.01038743
2024-10-22,INR,0.01038745
2024-10-23,INR,0.01038749
2024-10-24,INR,0.01038742
2024-10-25,INR,0.01038744
2024-10-28,INR,0.01038746
2024-10-29,INR,0.01038746
2024-10-30,INR,0.01038745
2024-10-31,INR,0.0103875
2024-11-01,INR,0.00990586
2024-11-02,INR,0.0099059
2024-11-05,INR,0.0099059
2024-11-06,INR,0.0099059
2024-11-07,INR,0.0099059
2024-11-08,INR,0.00990591
2024-11-11,INR,0.00990581
2024-11-12,INR,0.00990587
2024-11-13,INR,0.00990587
2024-11-14,INR,0.0099059
2024-11-15,INR,0.00990589
2024-11-18,INR,0.0099059
2024-11-19,INR,0.00990588
2024-11-20,INR,0.00990589
2024-11-21,INR,0.00990588
2024-11-22,INR,0.00990593
2024-11-25,INR,0.0099059
2024-11-26,INR,0.00990596
2024-11-27,INR,0.00990589
2024-11-28,INR,0.00990589
2024-11-29,INR,0.00990586
2024-12-02,INR,0.00963391
2024-12-03,INR,0.00963391
2024-12-04,INR,0.0096339
2024-12-05,INR,0.00963389
2024-12-06,INR,0.00963391
2024-12-09,INR,0.00963386
2024-12-10,INR,0.00963391
2024-12-11,INR,0.00963389
2024-12-12,INR,0.0096339
2024-12-13,INR,0.00963394
2024-12-16,INR,0.00963391
2024-12-17,INR,0.00963391
2024-12-18,INR,0.00963391
2024-12-19,INR,0.00963391
2024-12-20,INR,0.00963392
2024-12-23,INR,0.00963391
2024-12-25,INR,0.0096339
2024-12-26,INR,0.00963389
2025-01-01,INR,0.00973141
2025-01-09,INR,0.00973142
2025-01-10,INR,0.00973143
2025-01-13,INR,0.00973143
2025-01-14,INR,0.0097314
2025-01-15,INR,0.00973144
2025-01-16,INR,0.00973138
2025-01-17,INR,0.00973138
2025-01-20,INR,0.00973143
2025-01-21,INR,0.00973141
2025-01-22,INR,0.00973142
2025-01-23,INR,0.00973141
2025-01-24,INR,0.00973141
2025-01-27,INR,0.00973143
2025-01-28,INR,0.00973143
2025-01-29,INR,0.00973142
2025-01-30,INR,0.00973141
2025-01-31,INR,0.00973141
2025-02-03,INR,0.01076888
2025-02-04,INR,0.0107689
2025-02-05,INR,0.01076891
2025-02-06,INR,0.0107689
2025-02-07,INR,0.0107689
2025-02-10,INR,0.01076891
2025-02-11,INR,0.01076886
2025-02-12,INR,0.0107689
2025-02-13,INR,0.0107689
2025-02-14,INR,0.01076874
2025-02-17,INR,0.01076892
2025-02-18,INR,0.0107689
2025-02-19,INR,0.01076888
2025-02-20,INR,0.0107689
2025-02-21,INR,0.01076902
2025-02-24,INR,0.01076888
2025-02-25,INR,0.01076892
2025-02-26,INR,0.01076889
2025-02-27,INR,0.01076889
2025-02-28,INR,0.01076889
2025-03-03,INR,0.01162116
2025-03-04,INR,0.01162121
2025-03-05,INR,0.01162116
2025-03-06,INR,0.01162116
2025-03-07,INR,0.01162126
2025-03-10,INR,0.01162115
2025-03-11,INR,0.01162117
2025-03-12,INR,0.01162117
2025-03-13,INR,0.01162116
2025-03-14,INR,0.01162115
2025-03-17,INR,0.01162115
2025-03-18,INR,0.01162114
2025-03-19,INR,0.01162115
2025-03-20,INR,0.01162111
2025-03-21,INR,0.01162119
2025-03-24,INR,0.01162116
2025-03-25,INR,0.01162115
2025-03-26,INR,0.01162116
2025-03-27,INR,0.01162114
2025-03-28,INR,0.01162115
2025-03-31,INR,0.01162115
2025-04-01,INR,0.01201202
2025-04-02,INR,0.01201202
2025-04-03,INR,0.01201205
2025-04-04,INR,0.01201193
2025-04-07,INR,0.01201202
2025-04-08,INR,0.01201207
2025-04-09,INR,0.012012
2025-04-10,INR,0.01201201
2025-04-11,INR,0.01201202
2025-04-14,INR,0.01201202
2025-04-15,INR,0.01201204
2025-04-16,INR,0.01201202
2025-04-17,INR,0.01201204
2025-04-18,INR,0.012012
2025-04-21,INR,0.01201203
2025-04-22,INR,0.012012
2025-04-23,INR,0.01201201
2025-04-24,INR,0.01201201
2025-04-28,INR,0.01201208
2025-04-29,INR,0.01201197
2025-04-30,INR,0.01201207
2025-05-05,INR,0.01241308
2025-05-06,INR,0.01241311
2025-05-07,INR,0.01241313
2025-05-12,INR,0.01241305
2025-05-13,INR,0.01241311
2025-05-14,INR,0.01241311
2025-05-15,INR,0.01241298
2025-05-16,INR,0.01241319
2025-05-19,INR,0.0124131
2025-05-20,INR,0.01241311
2025-05-21,INR,0.0124131
2025-05-22,INR,0.01241313
2025-05-23,INR,0.01241309
2025-05-26,INR,0.01241311
2025-05-27,INR,0.01241308
2025-05-28,INR,0.01241312
2025-05-29,INR,0.01241313
2025-05-30,INR,0.01241318
2025-06-02,INR,0.01270003
2025-06-03,INR,0.01270004
2025-06-04,INR,0.01270003
2025-06-05,INR,0.01270001
2025-06-06,INR,0.01270006
2025-06-09,INR,0.01270001
2025-06-10,INR,0.01270005
2025-06-11,INR,0.01270002
2025-06-16,INR,0.01270002
2025-06-17,INR,0.01270002
2025-06-18,INR,0.01270003
2025-06-19,INR,0.01270002
2025-06-20,INR,0.01270004
2025-06-23,INR,0.01270003
2025-06-24,INR,0.01270005
2025-06-25,INR,0.01270003
2025-06-26,INR,0.01270002
2025-06-27,INR,0.01270003
2025-06-30,INR,0.01270003
2025-07-01,INR,0.01267748
2025-07-02,INR,0.01267745
2025-07-03,INR,0.01267743
2025-07-04,INR,0.01267741
2025-07-07,INR,0.0126775
2025-07-08,INR,0.01267749
2025-07-09,INR,0.01267751
2025-07-10,INR,0.01267747
2025-07-11,INR,0.01267751
2025-07-14,INR,0.01267749
2025-07-15,INR,0.0126775
2025-07-16,INR,0.0126775
2025-07-17,INR,0.01267747
2025-07-18,INR,0.01267754
2025-07-21,INR,0.01267746
2025-07-22,INR,0.01267752
2025-07-23,INR,0.01267748
2025-07-24,INR,0.01267749
2025-07-25,INR,0.01267749
2025-07-28,INR,0.01267754
2025-07-29,INR,0.01267749
2025-07-30,INR,0.01267746
2025-07-31,INR,0.01267748
2025-08-01,INR,0.01249996
2025-08-04,INR,0.0125
2025-08-05,INR,0.01250001
2025-08-06,INR,0.01249999
2025-08-07,INR,0.01250001
2025-08-08,INR,0.01250001
2025-08-11,INR,0.01249999
2025-08-12,INR,0.0125
2025-08-13,INR,0.0125
2025-08-14,INR,0.01250002
2025-08-15,INR,0.01250004
2025-08-19,INR,0.01250001
2025-08-20,INR,0.0125
2025-08-21,INR,0.01249999
2025-08-22,INR,0.01250005
2025-08-25,INR,0.01249998
2025-08-26,INR,0.01250002
2025-08-27,INR,0.01249999
2025-08-28,INR,0.01250025
2025-08-29,INR,0.01249999
2025-09-01,INR,0.01205259
2025-09-02,INR,0.01205258
2025-09-03,INR,0.01205255
2025-09-04,INR,0.01205252
2025-09-05,INR,0.01205255
2025-09-08,INR,0.01205256
2025-09-09,INR,0.01205256
2025-09-10,INR,0.01205256
2025-09-11,INR,0.01205257
2025-09-12,INR,0.01205247
2025-09-15,INR,0.01205238
2025-09-16,INR,0.01205256
2025-09-17,INR,0.01205247
2025-09-18,INR,0.01205254
2025-09-19,INR,0.01205255
2025-09-22,INR,0.01205246
2025-09-23,INR,0.01205262
2025-09-24,INR,0.01205252
2025-09-25,INR,0.01205254
2025-09-26,INR,0.01205254
2025-09-27,INR,0.01205253
2025-09-28,INR,0.01205255
2025-09-29,INR,0.01205255
2025-09-30,INR,0.01205255
2025-10-01,INR,0.01234873
2025-10-02,INR,0.01234872
2025-10-03,INR,0.01234874
2025-10-06,INR,0.01234873
2025-10-07,INR,0.01234876
2025-10-08,INR,0.01234873
2025-10-09,INR,0.01234876
2025-10-10,INR,0.01234871
2025-10-13,INR,0.01234868
2025-10-14,INR,0.0123488
2025-10-15,INR,0.0123487
2025-10-16,INR,0.01234871
2025-10-17,INR,0.01234886
2025-10-20,INR,0.01234872
2025-10-21,INR,0.01234868
2025-10-22,INR,0.01234882
2025-10-23,INR,0.01234873
2025-10-24,INR,0.01234871
2025-10-27,INR,0.01234908
2025-10-28,INR,0.01234871
2025-10-29,INR,0.01234872
2025-10-30,INR,0.01234873
2025-10-31,INR,0.01234867
2025-11-04,INR,0.01248595
2025-11-05,INR,0.01248595
2025-11-06,INR,0.01248594
2025-11-07,INR,0.01248594
2025-11-10,INR,0.01248595
2025-11-11,INR,0.01248595
2025-11-12,INR,0.01248595
2025-11-13,INR,0.01248596
2025-11-14,INR,0.01248596
2025-11-17,INR,0.01248594
2025-11-18,INR,0.01248595
2025-11-19,INR,0.01248595
2025-11-20,INR,0.01248594
2025-11-21,INR,0.01248595
2025-11-24,INR,0.01248595
2025-11-25,INR,0.01248596
2025-11-26,INR,0.01248596
2025-11-27,INR,0.01248595
2025-11-28,INR,0.01248595
2025-12-01,INR,0.01271133
2025-12-02,INR,0.01271134
2025-12-03,INR,0.01271134
2025-12-04,INR,0.01271133
2025-12-05,INR,0.01271137
2025-12-08,INR,0.01271135
2025-12-09,INR,0.01271133
2025-12-10,INR,0.01271133
2025-12-11,INR,0.01271129
2025-12-12,INR,0.01271131
2025-12-15,INR,0.01271133
2025-12-16,INR,0.0127114
2025-12-17,INR,0.01271129
2025-12-18,INR,0.01271135
2025-12-19,INR,0.01271132
2025-12-22,INR,0.01271136
2025-12-23,INR,0.01271132
2025-12-24,INR,0.01271133
2025-12-25,INR,0.01271131
2025-12-26,INR,0.0127113
2025-12-29,INR,0.01271135
2025-12-31,INR,0.01271132
2026-01-12,INR,0.01281725
2026-01-13,INR,0.01281718
2026-01-14,INR,0.0128172
2026-01-15,INR,0.01281723
2026-01-16,INR,0.01281728
2026-01-19,INR,0.01281722
2026-01-20,INR,0.01281721
2026-01-21,INR,0.01281724
2026-01-22,INR,0.01281723
2026-01-23,INR,0.01281722
2026-01-26,INR,0.0128172
2026-01-27,INR,0.0128172
2026-01-28,INR,0.01281722
2026-01-29,INR,0.01281721
2026-01-30,INR,0.0128171
2026-02-02,INR,0.01302592
2026-02-03,INR,0.01302591
2026-02-04,INR,0.01302593
2026-02-05,INR,0.01302592
2026-02-06,INR,0.01302592
2026-02-09,INR,0.01302591
2026-02-10,INR,0.01302592
2026-02-11,INR,0.01302591
2026-02-12,INR,0.01302594
2026-02-13,INR,0.01302593
2026-02-16,INR,0.01302594
2026-02-17,INR,0.01302603
2026-02-18,INR,0.01302593
2026-02-19,INR,0.01302593
2026-02-24,INR,0.01302587
2026-02-25,INR,0.01302585
2026-02-26,INR,0.01302595
2026-02-27,INR,0.01302592
2026-03-02,INR,0.01241003
2026-03-03,INR,0.01241005
2026-03-04,INR,0.01241002
2026-03-05,INR,0.01241002
2026-03-06,INR,0.01241003
2026-03-10,INR,0.01241007
2026-03-11,INR,0.01241002
2026-03-12,INR,0.01241002
2026-03-13,INR,0.01241003
2026-03-16,INR,0.01241003
2026-03-17,INR,0.01241004
2026-03-18,INR,0.01241008
2026-03-19,INR,0.01241002
2026-03-20,INR,0.01241003
2026-03-23,INR,0.01241002
2026-03-24,INR,0.01241003
2026-03-25,INR,0.01241003
2026-03-26,INR,0.01240998
2026-03-27,INR,0.01241001
2026-03-30,INR,0.01241003
2026-03-31,INR,0.01241002
2026-04-01,INR,0.01249064
2026-04-02,INR,0.01249062
2018-01-02,PLN,0.29325092
2018-01-03,PLN,0.29325451
2018-01-04,PLN,0.29325223
2018-01-05,PLN,0.29325575
2018-01-08,PLN,0.29325464
2018-01-09,PLN,0.29325529
2018-01-10,PLN,0.29325534
2018-01-11,PLN,0.29325578
2018-01-12,PLN,0.29325514
2018-01-15,PLN,0.29325484
2018-01-16,PLN,0.29325495
2018-01-17,PLN,0.29325818
2018-01-18,PLN,0.29325635
2018-01-19,PLN,0.29325521
2018-01-22,PLN,0.29325433
2018-01-23,PLN,0.29325347
2018-01-24,PLN,0.29325233
2018-01-25,PLN,0.29325507
2018-01-26,PLN,0.29325453
2018-01-29,PLN,0.29325443
2018-01-30,PLN,0.29325779
2018-01-31,PLN,0.2932549
2018-02-01,PLN,0.29673691
2018-02-02,PLN,0.29673549
2018-02-05,PLN,0.2967361
2018-02-06,PLN,0.29673596
2018-02-07,PLN,0.29673754
2018-02-08,PLN,0.29673747
2018-02-09,PLN,0.29673547
2018-02-12,PLN,0.29673499
2018-02-13,PLN,0.2967364
2018-02-14,PLN,0.29673519
2018-02-15,PLN,0.29673653
2018-02-16,PLN,0.29673146
2018-02-19,PLN,0.29673541
2018-02-20,PLN,0.29673464
2018-02-21,PLN,0.2967392
2018-02-22,PLN,0.29673737
2018-02-23,PLN,0.29673624
2018-02-26,PLN,0.29673657
2018-02-27,PLN,0.29673609
2018-02-28,PLN,0.29673664
2018-03-01,PLN,0.29325552
2018-03-02,PLN,0.29325502
2018-03-05,PLN,0.29325473
2018-03-06,PLN,0.29325521
2018-03-07,PLN,0.29325578
2018-03-08,PLN,0.2932555
2018-03-09,PLN,0.293255
2018-03-12,PLN,0.29325337
2018-03-13,PLN,0.29325537
2018-03-14,PLN,0.29325538
2018-03-15,PLN,0.29325482
2018-03-16,PLN,0.29325324
2018-03-19,PLN,0.29325589
2018-03-20,PLN,0.29325528
2018-03-21,PLN,0.29325571
2018-03-22,PLN,0.29325593
2018-03-23,PLN,0.2932554
2018-03-26,PLN,0.29325458
2018-03-27,PLN,0.2932558
2018-03-28,PLN,0.29325704
2018-03-29,PLN,0.29325281
2018-03-30,PLN,0.29325459
2018-04-03,PLN,0.29325458
2018-04-04,PLN,0.29325476
2018-04-05,PLN,0.29325449
2018-04-06,PLN,0.29325823
2018-04-09,PLN,0.29325515
2018-04-10,PLN,0.29325591
2018-04-11,PLN,0.29325423
2018-04-12,PLN,0.29325509
2018-04-13,PLN,0.29325814
2018-04-16,PLN,0.29325393
2018-04-17,PLN,0.29325501
2018-04-18,PLN,0.29325608
2018-04-19,PLN,0.29325555
2018-04-20,PLN,0.2932558
2018-04-21,PLN,0.29326528
2018-04-23,PLN,0.29325477
2018-04-24,PLN,0.29325399
2018-04-25,PLN,0.29325597
2018-04-26,PLN,0.2932561
2018-04-27,PLN,0.29325488
2018-04-30,PLN,0.29325515
2018-05-02,PLN,0.27624681
2018-05-04,PLN,0.27624485
2018-05-07,PLN,0.27624434
2018-05-08,PLN,0.27624188
2018-05-09,PLN,0.27624327
2018-05-10,PLN,0.27624206
2018-05-11,PLN,0.27624274
2018-05-14,PLN,0.27624302
2018-05-15,PLN,0.27624375
2018-05-16,PLN,0.27624336
2018-05-17,PLN,0.27624386
2018-05-18,PLN,0.27624374
2018-05-21,PLN,0.27624212
2018-05-22,PLN,0.27624378
2018-05-23,PLN,0.27624165
2018-05-24,PLN,0.27624579
2018-05-25,PLN,0.27624308
2018-05-28,PLN,0.27624433
2018-05-29,PLN,0.27624291
2018-05-30,PLN,0.27624205
2018-06-01,PLN,0.27173865
2018-06-04,PLN,0.27173975
2018-06-05,PLN,0.27173916
2018-06-06,PLN,0.27173944
2018-06-07,PLN,0.27173865
2018-06-08,PLN,0.27173922
2018-06-11,PLN,0.27174034
2018-06-12,PLN,0.27173916
2018-06-13,PLN,0.27173818
2018-06-14,PLN,0.27173975
2018-06-15,PLN,0.27173957
2018-06-18,PLN,0.27173693
2018-06-19,PLN,0.2717388
2018-06-20,PLN,0.27173768
2018-06-21,PLN,0.27174036
2018-06-25,PLN,0.27173976
2018-06-26,PLN,0.27173828
2018-06-27,PLN,0.27174006
2018-06-28,PLN,0.2717394
2018-06-29,PLN,0.27173803
2018-07-02,PLN,0.27100319
2018-07-03,PLN,0.27100197
2018-07-04,PLN,0.2710035
2018-07-05,PLN,0.27100224
2018-07-06,PLN,0.27100252
2018-07-09,PLN,0.27100248
2018-07-10,PLN,0.27100397
2018-07-11,PLN,0.27100191
2018-07-12,PLN,0.27100178
2018-07-13,PLN,0.2710043
2018-07-16,PLN,0.27100226
2018-07-17,PLN,0.2710039
2018-07-18,PLN,0.27100143
2018-07-19,PLN,0.27100231
2018-07-20,PLN,0.27100272
2018-07-23,PLN,0.27100344
2018-07-24,PLN,0.27100294
2018-07-25,PLN,0.27100063
2018-07-26,PLN,0.27100416
2018-07-27,PLN,0.2710043
2018-07-30,PLN,0.27100338
2018-07-31,PLN,0.27100155
2018-08-01,PLN,0.26954243
2018-08-02,PLN,0.26954047
2018-08-03,PLN,0.26954031
2018-08-06,PLN,0.26954304
2018-08-07,PLN,0.26954138
2018-08-08,PLN,0.26954171
2018-08-09,PLN,0.26954158
2018-08-10,PLN,0.26954197
2018-08-13,PLN,0.26954076
2018-08-14,PLN,0.26954187
2018-08-16,PLN,0.26954464
2018-08-17,PLN,0.26955221
2018-08-20,PLN,0.26954116
2018-08-21,PLN,0.26954168
2018-08-22,PLN,0.26954266
2018-08-23,PLN,0.26954123
2018-08-24,PLN,0.26954183
2018-08-27,PLN,0.26954127
2018-08-28,PLN,0.26954096
2018-08-29,PLN,0.26954246
2018-08-30,PLN,0.26954106
2018-08-31,PLN,0.26954428
2018-09-03,PLN,0.2710019
2018-09-04,PLN,0.27100099
2018-09-05,PLN,0.27100286
2018-09-06,PLN,0.27100281
2018-09-07,PLN,0.27100252
2018-09-10,PLN,0.27100315
2018-09-11,PLN,0.27100315
2018-09-12,PLN,0.27100302
2018-09-13,PLN,0.27100143
2018-09-14,PLN,0.27100154
2018-09-17,PLN,0.271002
2018-09-18,PLN,0.27100246
2018-09-19,PLN,0.27100209
2018-09-20,PLN,0.27100246
2018-09-21,PLN,0.27100345
2018-09-24,PLN,0.27100325
2018-09-25,PLN,0.27100178
2018-09-26,PLN,0.27100454
2018-09-27,PLN,0.27100223
2018-09-28,PLN,0.27100084
2018-10-01,PLN,0.26737966
2018-10-02,PLN,0.26738003
2018-10-03,PLN,0.2673796
2018-10-04,PLN,0.26738037
2018-10-05,PLN,0.26737983
2018-10-08,PLN,0.26737986
2018-10-09,PLN,0.2673788
2018-10-10,PLN,0.26738078
2018-10-11,PLN,0.26737958
2018-10-12,PLN,0.26737981
2018-10-15,PLN,0.2673784
2018-10-16,PLN,0.26737848
2018-10-17,PLN,0.26737846
2018-10-18,PLN,0.26737853
2018-10-19,PLN,0.26737969
2018-10-22,PLN,0.26737931
2018-10-23,PLN,0.26737904
2018-10-24,PLN,0.26738004
2018-10-25,PLN,0.26737938
2018-10-29,PLN,0.26737865
2018-10-30,PLN,0.2673794
2018-10-31,PLN,0.26738039
2018-11-02,PLN,0.26454942
2018-11-05,PLN,0.26455065
2018-11-06,PLN,0.26455075
2018-11-07,PLN,0.26454991
2018-11-08,PLN,0.26455111
2018-11-09,PLN,0.2645496
2018-11-13,PLN,0.26455043
2018-11-14,PLN,0.2645504
2018-11-15,PLN,0.26455048
2018-11-16,PLN,0.26455036
2018-11-19,PLN,0.26455104
2018-11-20,PLN,0.26454983
2018-11-21,PLN,0.26455076
2018-11-22,PLN,0.26455112
2018-11-23,PLN,0.26455078
2018-11-26,PLN,0.26455026
2018-11-27,PLN,0.26455029
2018-11-28,PLN,0.26455022
2018-11-29,PLN,0.26455087
2018-11-30,PLN,0.26454738
2018-12-03,PLN,0.26525166
2018-12-04,PLN,0.26525172
2018-12-05,PLN,0.26525254
2018-12-06,PLN,0.26525139
2018-12-07,PLN,0.26525295
2018-12-10,PLN,0.26525342
2018-12-11,PLN,0.26525288
2018-12-12,PLN,0.26525212
2018-12-13,PLN,0.26525228
2018-12-14,PLN,0.26525131
2018-12-17,PLN,0.26525176
2018-12-18,PLN,0.26525293
2018-12-19,PLN,0.26525152
2018-12-20,PLN,0.26525271
2018-12-21,PLN,0.26525168
2018-12-27,PLN,0.26525225
2018-12-28,PLN,0.26525293
2018-12-31,PLN,0.26525346
2019-01-02,PLN,0.26666669
2019-01-03,PLN,0.26666725
2019-01-04,PLN,0.26666627
2019-01-07,PLN,0.26666898
2019-01-08,PLN,0.2666673
2019-01-09,PLN,0.26666691
2019-01-10,PLN,0.26666642
2019-01-11,PLN,0.26666621
2019-01-14,PLN,0.2666666
2019-01-15,PLN,0.26666658
2019-01-16,PLN,0.26666685
2019-01-17,PLN,0.26666695
2019-01-18,PLN,0.2666672
2019-01-21,PLN,0.26666675
2019-01-22,PLN,0.26666628
2019-01-23,PLN,0.26666707
2019-01-24,PLN,0.26666605
2019-01-25,PLN,0.26666588
2019-01-28,PLN,0.26666705
2019-01-29,PLN,0.26666669
2019-01-30,PLN,0.26666622
2019-01-31,PLN,0.26666672
2019-02-01,PLN,0.26315771
2019-02-04,PLN,0.26315767
2019-02-05,PLN,0.26315737
2019-02-06,PLN,0.26315773
2019-02-07,PLN,0.26315779
2019-02-08,PLN,0.26315871
2019-02-11,PLN,0.26315978
2019-02-12,PLN,0.26315846
2019-02-13,PLN,0.2631578
2019-02-14,PLN,0.26315746
2019-02-15,PLN,0.26315774
2019-02-18,PLN,0.26315765
2019-02-19,PLN,0.26315938
2019-02-20,PLN,0.26315751
2019-02-21,PLN,0.26315889
2019-02-22,PLN,0.26315779
2019-02-25,PLN,0.26315766
2019-02-26,PLN,0.26315914
2019-02-27,PLN,0.26315742
2019-02-28,PLN,0.26315695
2019-03-01,PLN,0.26315777
2019-03-04,PLN,0.26315776
2019-03-05,PLN,0.2631581
2019-03-06,PLN,0.26315778
2019-03-07,PLN,0.26315755
2019-03-08,PLN,0.26315696
2019-03-11,PLN,0.26316073
2019-03-12,PLN,0.26315862
2019-03-13,PLN,0.26315795
2019-03-14,PLN,0.26315533
2019-03-15,PLN,0.26315939
2019-03-17,PLN,0.26315075
2019-03-18,PLN,0.26315773
2019-03-19,PLN,0.26315777
2019-03-20,PLN,0.26315767
2019-03-21,PLN,0.26315752
2019-03-22,PLN,0.26315646
2019-03-25,PLN,0.26316043
2019-03-26,PLN,0.26315949
2019-03-27,PLN,0.26315787
2019-03-28,PLN,0.26315688
2019-03-29,PLN,0.26315989
2019-04-01,PLN,0.26246784
2019-04-02,PLN,0.26246868
2019-04-03,PLN,0.26246769
2019-04-04,PLN,0.26246632
2019-04-05,PLN,0.26246746
2019-04-08,PLN,0.26246739
2019-04-09,PLN,0.26246817
2019-04-10,PLN,0.26246723
2019-04-11,PLN,0.26246833
2019-04-12,PLN,0.26246818
2019-04-15,PLN,0.26246785
2019-04-16,PLN,0.26246785
2019-04-17,PLN,0.26246663
2019-04-18,PLN,0.26246818
2019-04-19,PLN,0.26246798
2019-04-23,PLN,0.26246736
2019-04-24,PLN,0.26246902
2019-04-25,PLN,0.26246878
2019-04-26,PLN,0.2624682
2019-04-29,PLN,0.26246801
2019-04-30,PLN,0.26246724
2019-05-02,PLN,0.26109305
2019-05-06,PLN,0.26109715
2019-05-07,PLN,0.26109609
2019-05-08,PLN,0.26109657
2019-05-09,PLN,0.26109739
2019-05-10,PLN,0.26109452
2019-05-13,PLN,0.26109689
2019-05-14,PLN,0.26109565
2019-05-15,PLN,0.2610974
2019-05-16,PLN,0.26109695
2019-05-17,PLN,0.2611059
2019-05-20,PLN,0.26109642
2019-05-21,PLN,0.26109585
2019-05-22,PLN,0.26109835
2019-05-23,PLN,0.26109522
2019-05-24,PLN,0.26109523
2019-05-27,PLN,0.26109763
2019-05-28,PLN,0.26109717
2019-05-29,PLN,0.26109638
2019-05-30,PLN,0.26109727
2019-05-31,PLN,0.26109685
2019-06-03,PLN,0.26525132
2019-06-04,PLN,0.26525166
2019-06-05,PLN,0.26525215
2019-06-06,PLN,0.26525275
2019-06-07,PLN,0.26525327
2019-06-10,PLN,0.26525252
2019-06-11,PLN,0.26525203
2019-06-12,PLN,0.26525168
2019-06-13,PLN,0.26525316
2019-06-14,PLN,0.2652524
2019-06-17,PLN,0.26525275
2019-06-18,PLN,0.26525159
2019-06-19,PLN,0.26525097
2019-06-24,PLN,0.26525251
2019-06-25,PLN,0.26525022
2019-06-26,PLN,0.26525296
2019-06-27,PLN,0.26525125
2019-06-28,PLN,0.26525267
2019-07-01,PLN,0.26385164
2019-07-02,PLN,0.26385259
2019-07-03,PLN,0.26385171
2019-07-04,PLN,0.26385291
2019-07-05,PLN,0.26385086
2019-07-08,PLN,0.26385106
2019-07-09,PLN,0.26385262
2019-07-10,PLN,0.2638543
2019-07-11,PLN,0.26385275
2019-07-12,PLN,0.26385367
2019-07-15,PLN,0.26385319
2019-07-16,PLN,0.26385184
2019-07-17,PLN,0.26385285
2019-07-18,PLN,0.26385164
2019-07-19,PLN,0.26384951
2019-07-22,PLN,0.26385236
2019-07-23,PLN,0.26385252
2019-07-24,PLN,0.26385421
2019-07-25,PLN,0.26385214
2019-07-26,PLN,0.26385069
2019-07-29,PLN,0.26385217
2019-07-30,PLN,0.2638524
2019-07-31,PLN,0.26385341
2019-08-01,PLN,0.25641076
2019-08-02,PLN,0.25641045
2019-08-05,PLN,0.2564106
2019-08-06,PLN,0.25641003
2019-08-07,PLN,0.25641036
2019-08-08,PLN,0.25640821
2019-08-09,PLN,0.25641157
2019-08-12,PLN,0.25640937
2019-08-13,PLN,0.25641148
2019-08-14,PLN,0.25641064
2019-08-16,PLN,0.25641099
2019-08-19,PLN,0.25641021
2019-08-20,PLN,0.25641059
2019-08-21,PLN,0.25641201
2019-08-22,PLN,0.25641186
2019-08-23,PLN,0.25641144
2019-08-26,PLN,0.25641099
2019-08-27,PLN,0.2564109
2019-08-28,PLN,0.25641028
2019-08-29,PLN,0.25641121
2019-08-30,PLN,0.25641121
2019-08-31,PLN,0.25638759
2019-09-02,PLN,0.253165
2019-09-03,PLN,0.2531662
2019-09-04,PLN,0.25316558
2019-09-05,PLN,0.25316591
2019-09-06,PLN,0.25316449
2019-09-09,PLN,0.25316515
2019-09-10,PLN,0.25316418
2019-09-11,PLN,0.25316435
2019-09-12,PLN,0.25316451
2019-09-13,PLN,0.25316444
2019-09-16,PLN,0.25316552
2019-09-17,PLN,0.25316474
2019-09-18,PLN,0.25316543
2019-09-19,PLN,0.25316429
2019-09-20,PLN,0.25316531
2019-09-23,PLN,0.25316523
2019-09-24,PLN,0.25316486
2019-09-25,PLN,0.25316481
2019-09-26,PLN,0.25316587
2019-09-27,PLN,0.25316412
2019-09-30,PLN,0.25316338
2019-10-01,PLN,0.25773162
2019-10-02,PLN,0.25773141
2019-10-03,PLN,0.25773144
2019-10-04,PLN,0.25773379
2019-10-07,PLN,0.25773193
2019-10-08,PLN,0.25773193
2019-10-09,PLN,0.25773352
2019-10-10,PLN,0.25773209
2019-10-11,PLN,0.25773251
2019-10-14,PLN,0.2577312
2019-10-15,PLN,0.25773187
2019-10-16,PLN,0.25773228
2019-10-17,PLN,0.25773108
2019-10-18,PLN,0.25773199
2019-10-21,PLN,0.2577314
2019-10-22,PLN,0.2577324
2019-10-23,PLN,0.25773215
2019-10-24,PLN,0.25773165
2019-10-25,PLN,0.25773165
2019-10-28,PLN,0.25773159
2019-10-29,PLN,0.25773234
2019-10-30,PLN,0.25773146
2019-10-31,PLN,0.25773295
2019-11-04,PLN,0.25839755
2019-11-05,PLN,0.25839781
2019-11-06,PLN,0.25839831
2019-11-07,PLN,0.25839864
2019-11-08,PLN,0.25839801
2019-11-12,PLN,0.25839789
2019-11-13,PLN,0.25839819
2019-11-14,PLN,0.25839891
2019-11-15,PLN,0.25840206
2019-11-18,PLN,0.25839886
2019-11-19,PLN,0.25839888
2019-11-20,PLN,0.25839754
2019-11-21,PLN,0.25839841
2019-11-22,PLN,0.25840012
2019-11-25,PLN,0.25839833
2019-11-26,PLN,0.25839825
2019-11-27,PLN,0.25839777
2019-11-28,PLN,0.25839826
2019-11-29,PLN,0.25839897
2019-12-02,PLN,0.26041522
2019-12-03,PLN,0.260417
2019-12-04,PLN,0.26041671
2019-12-05,PLN,0.26041743
2019-12-06,PLN,0.26041708
2019-12-09,PLN,0.26041615
2019-12-10,PLN,0.26041663
2019-12-11,PLN,0.26041652
2019-12-12,PLN,0.26041751
2019-12-13,PLN,0.26041664
2019-12-16,PLN,0.26041574
2019-12-17,PLN,0.2604176
2019-12-18,PLN,0.26041692
2019-12-19,PLN,0.2604178
2019-12-20,PLN,0.26041742
2019-12-23,PLN,0.26041681
2019-12-27,PLN,0.26041756
2019-12-29,PLN,0.26039252
2019-12-30,PLN,0.26041751
2019-12-31,PLN,0.26041725
2020-01-02,PLN,0.2617799
2020-01-03,PLN,0.26177774
2020-01-07,PLN,0.26177976
2020-01-08,PLN,0.26177981
2020-01-09,PLN,0.2617808
2020-01-10,PLN,0.26178106
2020-01-13,PLN,0.26177945
2020-01-14,PLN,0.26177887
2020-01-15,PLN,0.2617802
2020-01-16,PLN,0.26178026
2020-01-17,PLN,0.26178058
2020-01-18,PLN,0.26177565
2020-01-20,PLN,0.26177956
2020-01-21,PLN,0.26177914
2020-01-22,PLN,0.26178058
2020-01-23,PLN,0.2617791
2020-01-24,PLN,0.26177934
2020-01-25,PLN,0.26176775
2020-01-27,PLN,0.26177816
2020-01-28,PLN,0.26177979
2020-01-29,PLN,0.26177954
2020-01-30,PLN,0.26178001
2020-01-31,PLN,0.26177935
2020-02-03,PLN,0.25510268
2020-02-04,PLN,0.25510259
2020-02-05,PLN,0.25510223
2020-02-06,PLN,0.25510172
2020-02-07,PLN,0.25510226
2020-02-10,PLN,0.25510202
2020-02-11,PLN,0.25510043
2020-02-12,PLN,0.25510177
2020-02-13,PLN,0.25510244
2020-02-14,PLN,0.25510062
2020-02-15,PLN,0.25510319
2020-02-17,PLN,0.25510268
2020-02-18,PLN,0.25510186
2020-02-19,PLN,0.25510108
2020-02-20,PLN,0.25510253
2020-02-21,PLN,0.25510154
2020-02-22,PLN,0.25510135
2020-02-23,PLN,0.25510485
2020-02-24,PLN,0.25510276
2020-02-25,PLN,0.25510252
2020-02-26,PLN,0.25510231
2020-02-27,PLN,0.25510077
2020-02-28,PLN,0.25510088
2020-03-02,PLN,0.24937693
2020-03-03,PLN,0.24937664
2020-03-04,PLN,0.24937599
2020-03-05,PLN,0.24937684
2020-03-06,PLN,0.24937676
2020-03-07,PLN,0.24937138
2020-03-09,PLN,0.24937677
2020-03-10,PLN,0.24937737
2020-03-11,PLN,0.24937657
2020-03-12,PLN,0.24937631
2020-03-13,PLN,0.2493769
2020-03-16,PLN,0.24937889
2020-03-17,PLN,0.24937699
2020-03-18,PLN,0.24937525
2020-03-19,PLN,0.2493773
2020-03-20,PLN,0.24937654
2020-03-23,PLN,0.24937753
2020-03-24,PLN,0.24937577
2020-03-25,PLN,0.24937427
2020-03-26,PLN,0.24937661
2020-03-27,PLN,0.24937693
2020-03-29,PLN,0.24938396
2020-03-30,PLN,0.24937689
2020-03-31,PLN,0.24937744
2020-04-01,PLN,0.2392343
2020-04-02,PLN,0.23923319
2020-04-03,PLN,0.2392376
2020-04-06,PLN,0.23923604
2020-04-07,PLN,0.23923377
2020-04-08,PLN,0.23923561
2020-04-09,PLN,0.23923495
2020-04-10,PLN,0.23923521
2020-04-14,PLN,0.23923415
2020-04-15,PLN,0.23923376
2020-04-16,PLN,0.23923455
2020-04-17,PLN,0.23923389
2020-04-20,PLN,0.2392346
2020-04-21,PLN,0.23923398
2020-04-22,PLN,0.23923318
2020-04-23,PLN,0.23923524
2020-04-24,PLN,0.23923092
2020-04-27,PLN,0.23923471
2020-04-28,PLN,0.23923376
2020-04-29,PLN,0.23923469
2020-04-30,PLN,0.23923696
2020-05-02,PLN,0.24154844
2020-05-04,PLN,0.24154462
2020-05-05,PLN,0.2415453
2020-05-06,PLN,0.24154636
2020-05-07,PLN,0.24154603
2020-05-08,PLN,0.24154573
2020-05-10,PLN,0.24154494
2020-05-11,PLN,0.24154727
2020-05-12,PLN,0.24154612
2020-05-13,PLN,0.24154517
2020-05-14,PLN,0.24154522
2020-05-15,PLN,0.2415396
2020-05-18,PLN,0.24154548
2020-05-19,PLN,0.24154514
2020-05-20,PLN,0.24154539
2020-05-21,PLN,0.24154452
2020-05-22,PLN,0.24154511
2020-05-23,PLN,0.24154709
2020-05-25,PLN,0.24154357
2020-05-26,PLN,0.24154592
2020-05-27,PLN,0.24154528
2020-05-28,PLN,0.24154562
2020-05-29,PLN,0.24154663
2020-05-30,PLN,0.24154459
2020-05-31,PLN,0.2415399
2020-06-01,PLN,0.25316539
2020-06-02,PLN,0.25316404
2020-06-03,PLN,0.25316551
2020-06-04,PLN,0.25316592
2020-06-05,PLN,0.25316534
2020-06-06,PLN,0.25317061
2020-06-08,PLN,0.2531647
2020-06-09,PLN,0.25316452
2020-06-10,PLN,0.25316571
2020-06-11,PLN,0.2531742
2020-06-12,PLN,0.25316702
2020-06-13,PLN,0.25316425
2020-06-15,PLN,0.25316461
2020-06-16,PLN,0.25316502
2020-06-17,PLN,0.25316727
2020-06-18,PLN,0.25316449
2020-06-19,PLN,0.25316351
2020-06-22,PLN,0.2531642
2020-06-23,PLN,0.25316474
2020-06-24,PLN,0.25316483
2020-06-25,PLN,0.25316537
2020-06-26,PLN,0.25316325
2020-06-29,PLN,0.25316471
2020-06-30,PLN,0.25316435
2020-07-01,PLN,0.25773189
2020-07-02,PLN,0.25773234
2020-07-03,PLN,0.25773349
2020-07-04,PLN,0.25772186
2020-07-06,PLN,0.25773125
2020-07-07,PLN,0.25773256
2020-07-08,PLN,0.25773227
2020-07-09,PLN,0.25773341
2020-07-10,PLN,0.25773156
2020-07-13,PLN,0.25773322
2020-07-14,PLN,0.25773197
2020-07-15,PLN,0.25773175
2020-07-16,PLN,0.25773179
2020-07-17,PLN,0.25773173
2020-07-20,PLN,0.25773137
2020-07-21,PLN,0.25773325
2020-07-22,PLN,0.25773171
2020-07-23,PLN,0.25773112
2020-07-24,PLN,0.25773246
2020-07-25,PLN,0.25772207
2020-07-27,PLN,0.25773172
2020-07-28,PLN,0.25773305
2020-07-29,PLN,0.25773279
2020-07-30,PLN,0.25772841
2020-07-31,PLN,0.25773214
2020-08-03,PLN,0.26881874
2020-08-04,PLN,0.26881718
2020-08-05,PLN,0.26881685
2020-08-06,PLN,0.26881659
2020-08-07,PLN,0.26881715
2020-08-10,PLN,0.26881651
2020-08-11,PLN,0.26881738
2020-08-12,PLN,0.2688174
2020-08-13,PLN,0.26882077
2020-08-14,PLN,0.26881826
2020-08-16,PLN,0.26881212
2020-08-17,PLN,0.26881564
2020-08-18,PLN,0.26881751
2020-08-19,PLN,0.26881757
2020-08-20,PLN,0.26881609
2020-08-21,PLN,0.26881838
2020-08-24,PLN,0.26881745
2020-08-25,PLN,0.26881733
2020-08-26,PLN,0.26881675
2020-08-27,PLN,0.26881759
2020-08-28,PLN,0.268817
2020-08-31,PLN,0.26881705
2020-09-01,PLN,0.26385156
2020-09-02,PLN,0.26385252
2020-09-03,PLN,0.26385191
2020-09-04,PLN,0.26385222
2020-09-05,PLN,0.26385255
2020-09-07,PLN,0.26385191
2020-09-08,PLN,0.26385246
2020-09-09,PLN,0.26385263
2020-09-10,PLN,0.26385254
2020-09-11,PLN,0.26385092
2020-09-12,PLN,0.26386378
2020-09-14,PLN,0.26385056
2020-09-15,PLN,0.26385185
2020-09-16,PLN,0.26385213
2020-09-17,PLN,0.26385109
2020-09-18,PLN,0.26385139
2020-09-19,PLN,0.26385467
2020-09-21,PLN,0.26385494
2020-09-22,PLN,0.26385295
2020-09-23,PLN,0.26385116
2020-09-24,PLN,0.26385221
2020-09-25,PLN,0.26385432
2020-09-28,PLN,0.26385291
2020-09-29,PLN,0.26385265
2020-09-30,PLN,0.2638513
2020-10-01,PLN,0.25973974
2020-10-02,PLN,0.25973991
2020-10-03,PLN,0.25975005
2020-10-04,PLN,0.25975358
2020-10-05,PLN,0.25974065
2020-10-06,PLN,0.25974052
2020-10-07,PLN,0.25974038
2020-10-08,PLN,0.25973819
2020-10-09,PLN,0.2597409
2020-10-12,PLN,0.25973837
2020-10-13,PLN,0.25974047
2020-10-14,PLN,0.25974295
2020-10-15,PLN,0.25973923
2020-10-16,PLN,0.25974076
2020-10-19,PLN,0.25974158
2020-10-20,PLN,0.25973963
2020-10-21,PLN,0.25974178
2020-10-22,PLN,0.25973883
2020-10-23,PLN,0.25974211
2020-10-26,PLN,0.25973928
2020-10-27,PLN,0.25974101
2020-10-28,PLN,0.25974079
2020-10-29,PLN,0.25974041
2020-10-30,PLN,0.25973954
2020-10-31,PLN,0.25974015
2020-11-01,PLN,0.26391162
2020-11-02,PLN,0.26385188
2020-11-03,PLN,0.26385186
2020-11-04,PLN,0.26385284
2020-11-05,PLN,0.26385353
2020-11-06,PLN,0.26385302
2020-11-08,PLN,0.26385141
2020-11-09,PLN,0.26385042
2020-11-10,PLN,0.26385206
2020-11-12,PLN,0.26385217
2020-11-13,PLN,0.26385262
2020-11-16,PLN,0.26385196
2020-11-17,PLN,0.26385334
2020-11-18,PLN,0.2638512
2020-11-19,PLN,0.2638521
2020-11-20,PLN,0.26385318
2020-11-23,PLN,0.26385218
2020-11-24,PLN,0.26385366
2020-11-25,PLN,0.26385233
2020-11-26,PLN,0.26385085
2020-11-27,PLN,0.26385108
2020-11-30,PLN,0.26384977
2020-12-01,PLN,0.27247925
2020-12-02,PLN,0.27247962
2020-12-03,PLN,0.27247923
2020-12-04,PLN,0.27248085
2020-12-06,PLN,0.27247992
2020-12-07,PLN,0.2724798
2020-12-08,PLN,0.27247834
2020-12-09,PLN,0.27247959
2020-12-10,PLN,0.27247927
2020-12-11,PLN,0.27247659
2020-12-12,PLN,0.27247428
2020-12-14,PLN,0.27248052
2020-12-15,PLN,0.27247995
2020-12-16,PLN,0.27247606
2020-12-17,PLN,0.27247889
2020-12-18,PLN,0.27248103
2020-12-21,PLN,0.27247993
2020-12-22,PLN,0.27247989
2020-12-28,PLN,0.27247852
2020-12-29,PLN,0.27247979
2020-12-30,PLN,0.2724792
2020-12-31,PLN,0.27247917
2021-01-02,PLN,0.26881655
2021-01-05,PLN,0.26881626
2021-01-06,PLN,0.26882429
2021-01-07,PLN,0.26881394
2021-01-08,PLN,0.26881874
2021-01-09,PLN,0.26881811
2021-01-11,PLN,0.26881713
2021-01-12,PLN,0.26881651
2021-01-13,PLN,0.26881885
2021-01-14,PLN,0.26881678
2021-01-15,PLN,0.26881783
2021-01-18,PLN,0.26881836
2021-01-19,PLN,0.26881702
2021-01-20,PLN,0.26881776
2021-01-21,PLN,0.26881776
2021-01-22,PLN,0.26881663
2021-01-23,PLN,0.26881374
2021-01-25,PLN,0.26881665
2021-01-26,PLN,0.26881714
2021-01-27,PLN,0.26881745
2021-01-28,PLN,0.26882028
2021-01-29,PLN,0.2688168
2021-01-30,PLN,0.26881686
2021-01-31,PLN,0.26880848
2021-02-01,PLN,0.26954131
2021-02-02,PLN,0.26954054
2021-02-03,PLN,0.26954203
2021-02-04,PLN,0.26953923
2021-02-05,PLN,0.2695424
2021-02-06,PLN,0.2695441
2021-02-08,PLN,0.26954316
2021-02-09,PLN,0.26954272
2021-02-10,PLN,0.26954134
2021-02-11,PLN,0.26953807
2021-02-12,PLN,0.26954339
2021-02-14,PLN,0.26954249
2021-02-15,PLN,0.26954173
2021-02-16,PLN,0.26954245
2021-02-17,PLN,0.26954147
2021-02-18,PLN,0.26954342
2021-02-19,PLN,0.2695422
2021-02-21,PLN,0.26954026
2021-02-22,PLN,0.26954159
2021-02-23,PLN,0.26954366
2021-02-24,PLN,0.26954167
2021-02-25,PLN,0.26954177
2021-02-26,PLN,0.26954238
2021-02-27,PLN,0.26954406
2021-02-28,PLN,0.26954949
2021-03-01,PLN,0.25906612
2021-03-02,PLN,0.25906776
2021-03-03,PLN,0.25906839
2021-03-04,PLN,0.25906812
2021-03-05,PLN,0.25906703
2021-03-06,PLN,0.2590694
2021-03-07,PLN,0.25906316
2021-03-08,PLN,0.25906746
2021-03-09,PLN,0.25906788
2021-03-10,PLN,0.25906639
2021-03-11,PLN,0.25906755
2021-03-12,PLN,0.25906481
2021-03-15,PLN,0.25906779
2021-03-16,PLN,0.25906849
2021-03-17,PLN,0.25906784
2021-03-18,PLN,0.2590667
2021-03-19,PLN,0.25906662
2021-03-22,PLN,0.25906751
2021-03-23,PLN,0.25906489
2021-03-24,PLN,0.25906722
2021-03-25,PLN,0.25906741
2021-03-26,PLN,0.25906738
2021-03-28,PLN,0.25907562
2021-03-29,PLN,0.25906809
2021-03-30,PLN,0.25907004
2021-03-31,PLN,0.25907171
2021-04-01,PLN,0.26246733
2021-04-02,PLN,0.26246709
2021-04-06,PLN,0.26246586
2021-04-07,PLN,0.262466
2021-04-08,PLN,0.26246206
2021-04-09,PLN,0.26246651
2021-04-10,PLN,0.26247208
2021-04-11,PLN,0.26247345
2021-04-12,PLN,0.26246789
2021-04-13,PLN,0.26246676
2021-04-14,PLN,0.26246635
2021-04-15,PLN,0.26246689
2021-04-16,PLN,0.26246508
2021-04-18,PLN,0.2624748
2021-04-19,PLN,0.26246728
2021-04-20,PLN,0.26246561
2021-04-21,PLN,0.26246647
2021-04-22,PLN,0.26246521
2021-04-23,PLN,0.26246654
2021-04-24,PLN,0.26246165
2021-04-25,PLN,0.26246155
2021-04-26,PLN,0.26246615
2021-04-27,PLN,0.26246689
2021-04-28,PLN,0.26246871
2021-04-29,PLN,0.26246826
2021-04-30,PLN,0.26246935
2021-05-02,PLN,0.26881672
2021-05-04,PLN,0.26881882
2021-05-05,PLN,0.26881733
2021-05-06,PLN,0.26881916
2021-05-07,PLN,0.26881751
2021-05-09,PLN,0.26881754
2021-05-10,PLN,0.2688169
2021-05-11,PLN,0.26881634
2021-05-12,PLN,0.26881734
2021-05-13,PLN,0.26881719
2021-05-14,PLN,0.26881828
2021-05-16,PLN,0.2688172
2021-05-17,PLN,0.26881795
2021-05-18,PLN,0.26881686
2021-05-19,PLN,0.26881577
2021-05-20,PLN,0.26881812
2021-05-21,PLN,0.26882059
2021-05-24,PLN,0.26881789
2021-05-25,PLN,0.2688173
2021-05-26,PLN,0.26881663
2021-05-27,PLN,0.26881776
2021-05-28,PLN,0.26881662
2021-05-29,PLN,0.26884557
2021-05-30,PLN,0.26881532
2021-05-31,PLN,0.26881586
2021-06-01,PLN,0.26737984
2021-06-02,PLN,0.26737979
2021-06-04,PLN,0.26738429
2021-06-07,PLN,0.26737989
2021-06-08,PLN,0.26737999
2021-06-09,PLN,0.26738096
2021-06-10,PLN,0.26738029
2021-06-11,PLN,0.2673797
2021-06-12,PLN,0.2673861
2021-06-14,PLN,0.26737941
2021-06-15,PLN,0.2673791
2021-06-16,PLN,0.2673777
2021-06-17,PLN,0.26737961
2021-06-18,PLN,0.26737973
2021-06-19,PLN,0.26740025
2021-06-21,PLN,0.26737974
2021-06-22,PLN,0.26738049
2021-06-23,PLN,0.26738274
2021-06-24,PLN,0.26737857
2021-06-25,PLN,0.2673796
2021-06-28,PLN,0.26737981
2021-06-29,PLN,0.26737984
2021-06-30,PLN,0.26737859
2021-07-01,PLN,0.25974074
2021-07-02,PLN,0.25973999
2021-07-04,PLN,0.2597412
2021-07-05,PLN,0.25973988
2021-07-06,PLN,0.25974034
2021-07-07,PLN,0.25973862
2021-07-08,PLN,0.25974139
2021-07-09,PLN,0.25974022
2021-07-10,PLN,0.25973323
2021-07-12,PLN,0.25974128
2021-07-13,PLN,0.2597416
2021-07-14,PLN,0.25974131
2021-07-15,PLN,0.25973919
2021-07-16,PLN,0.25974232
2021-07-17,PLN,0.25971549
2021-07-18,PLN,0.2597422
2021-07-19,PLN,0.25974171
2021-07-20,PLN,0.25974067
2021-07-21,PLN,0.25973702
2021-07-22,PLN,0.25974176
2021-07-23,PLN,0.25974306
2021-07-24,PLN,0.25971574
2021-07-26,PLN,0.25974269
2021-07-27,PLN,0.25973993
2021-07-28,PLN,0.25973879
2021-07-29,PLN,0.25974073
2021-07-30,PLN,0.25974006
2021-07-31,PLN,0.25973736
2021-08-01,PLN,0.25775354
2021-08-02,PLN,0.25773235
2021-08-03,PLN,0.25773035
2021-08-04,PLN,0.25773246
2021-08-05,PLN,0.25773772
2021-08-06,PLN,0.25773111
2021-08-07,PLN,0.25773132
2021-08-08,PLN,0.25767764
2021-08-09,PLN,0.2577311
2021-08-10,PLN,0.25773221
2021-08-11,PLN,0.25773152
2021-08-12,PLN,0.25773392
2021-08-13,PLN,0.25773667
2021-08-14,PLN,0.25768126
2021-08-16,PLN,0.25773215
2021-08-17,PLN,0.25773302
2021-08-18,PLN,0.25773135
2021-08-19,PLN,0.25773168
2021-08-20,PLN,0.25773001
2021-08-21,PLN,0.25773347
2021-08-23,PLN,0.25773114
2021-08-24,PLN,0.25772897
2021-08-25,PLN,0.25773079
2021-08-26,PLN,0.25773174
2021-08-27,PLN,0.25773252
2021-08-28,PLN,0.25773436
2021-08-30,PLN,0.25773296
2021-08-31,PLN,0.25773528
2021-09-01,PLN,0.25773297
2021-09-02,PLN,0.25773238
2021-09-03,PLN,0.25773231
2021-09-04,PLN,0.25772024
2021-09-05,PLN,0.25772732
2021-09-06,PLN,0.25773418
2021-09-07,PLN,0.25773264
2021-09-08,PLN,0.25773254
2021-09-09,PLN,0.25773271
2021-09-10,PLN,0.25773302
2021-09-12,PLN,0.25772353
2021-09-13,PLN,0.25773201
2021-09-14,PLN,0.2577308
2021-09-15,PLN,0.25773282
2021-09-16,PLN,0.25773392
2021-09-17,PLN,0.25772964
2021-09-18,PLN,0.25770927
2021-09-20,PLN,0.25773241
2021-09-21,PLN,0.25773398
2021-09-22,PLN,0.25773216
2021-09-23,PLN,0.25773478
2021-09-24,PLN,0.25773077
2021-09-25,PLN,0.25770039
2021-09-26,PLN,0.25772709
2021-09-27,PLN,0.25773223
2021-09-28,PLN,0.2577333
2021-09-29,PLN,0.25773346
2021-09-30,PLN,0.2577309
2021-10-01,PLN,0.25316375
2021-10-02,PLN,0.25314098
2021-10-04,PLN,0.25316466
2021-10-05,PLN,0.25316594
2021-10-06,PLN,0.25316458
2021-10-07,PLN,0.25316798
2021-10-08,PLN,0.25316473
2021-10-09,PLN,0.25315234
2021-10-11,PLN,0.25316465
2021-10-12,PLN,0.25316155
2021-10-13,PLN,0.25316384
2021-10-14,PLN,0.25316545
2021-10-15,PLN,0.25316542
2021-10-16,PLN,0.25314961
2021-10-18,PLN,0.25316374
2021-10-19,PLN,0.25316277
2021-10-20,PLN,0.25316322
2021-10-21,PLN,0.2531641
2021-10-22,PLN,0.25316472
2021-10-23,PLN,0.25316055
2021-10-25,PLN,0.25316446
2021-10-26,PLN,0.25316534
2021-10-27,PLN,0.25316498
2021-10-28,PLN,0.25316491
2021-10-29,PLN,0.25316307
2021-10-30,PLN,0.25314918
2021-10-31,PLN,0.25316514
2021-11-02,PLN,0.24569952
2021-11-03,PLN,0.24570215
2021-11-04,PLN,0.24570046
2021-11-05,PLN,0.24570025
2021-11-06,PLN,0.2456498
2021-11-07,PLN,0.24571059
2021-11-08,PLN,0.24570065
2021-11-09,PLN,0.24570052
2021-11-10,PLN,0.2456989
2021-11-11,PLN,0.24571049
2021-11-12,PLN,0.24570035
2021-11-14,PLN,0.24569962
2021-11-15,PLN,0.24569921
2021-11-16,PLN,0.24570017
2021-11-17,PLN,0.24570249
2021-11-18,PLN,0.24570152
2021-11-19,PLN,0.24570031
2021-11-20,PLN,0.24570072
2021-11-22,PLN,0.2457034
2021-11-23,PLN,0.24569943
2021-11-24,PLN,0.24569996
2021-11-25,PLN,0.24569954
2021-11-26,PLN,0.24569695
2021-11-29,PLN,0.2457006
2021-11-30,PLN,0.24569961
2021-12-01,PLN,0.24509812
2021-12-02,PLN,0.24509725
2021-12-03,PLN,0.24509756
2021-12-04,PLN,0.24510341
2021-12-06,PLN,0.24509979
2021-12-07,PLN,0.24509794
2021-12-08,PLN,0.2450976
2021-12-09,PLN,0.24509795
2021-12-10,PLN,0.24509821
2021-12-11,PLN,0.24509546
2021-12-13,PLN,0.2450982
2021-12-14,PLN,0.24509855
2021-12-15,PLN,0.24509982
2021-12-16,PLN,0.2451026
2021-12-17,PLN,0.24509618
2021-12-18,PLN,0.24507275
2021-12-19,PLN,0.24510199
2021-12-20,PLN,0.24510039
2021-12-21,PLN,0.24509714
2021-12-22,PLN,0.24509681
2021-12-23,PLN,0.24509257
2021-12-25,PLN,0.24507845
2021-12-26,PLN,0.2450966
2021-12-27,PLN,0.24510077
2021-12-28,PLN,0.24509796
2021-12-29,PLN,0.2450978
2021-12-30,PLN,0.24509545
2021-12-31,PLN,0.24509355
2022-01-03,PLN,0.24875712
2022-01-04,PLN,0.24875686
2022-01-05,PLN,0.24875279
2022-01-06,PLN,0.24875676
2022-01-07,PLN,0.24875924
2022-01-08,PLN,0.24877235
2022-01-10,PLN,0.24875669
2022-01-11,PLN,0.24875502
2022-01-12,PLN,0.24875632
2022-01-13,PLN,0.24875568
2022-01-14,PLN,0.24875573
2022-01-17,PLN,0.24875509
2022-01-18,PLN,0.24875459
2022-01-19,PLN,0.24875587
2022-01-20,PLN,0.24875766
2022-01-21,PLN,0.24875599
2022-01-24,PLN,0.24875426
2022-01-25,PLN,0.24875541
2022-01-26,PLN,0.24875718
2022-01-27,PLN,0.24875617
2022-01-28,PLN,0.24874764
2022-01-31,PLN,0.2487553
2022-02-01,PLN,0.2487562
2022-02-02,PLN,0.24875607
2022-02-03,PLN,0.24875388
2022-02-04,PLN,0.24875627
2022-02-07,PLN,0.24875681
2022-02-08,PLN,0.24875576
2022-02-09,PLN,0.24875499
2022-02-10,PLN,0.24872243
2022-02-11,PLN,0.24875468
2022-02-14,PLN,0.24875707
2022-02-15,PLN,0.24875514
2022-02-16,PLN,0.24875442
2022-02-17,PLN,0.24875571
2022-02-18,PLN,0.24875587
2022-02-21,PLN,0.24875626
2022-02-22,PLN,0.2487578
2022-02-23,PLN,0.24875582
2022-02-24,PLN,0.2487565
2022-02-25,PLN,0.24875424
2022-02-27,PLN,0.24875679
2022-02-28,PLN,0.2487555
2022-03-01,PLN,0.23201898
2022-03-02,PLN,0.232017
2022-03-03,PLN,0.23201762
2022-03-04,PLN,0.2320177
2022-03-07,PLN,0.23201691
2022-03-08,PLN,0.23201892
2022-03-09,PLN,0.23201838
2022-03-10,PLN,0.23201802
2022-03-11,PLN,0.23201759
2022-03-14,PLN,0.23201913
2022-03-15,PLN,0.23201845
2022-03-16,PLN,0.23201695
2022-03-17,PLN,0.23201893
2022-03-18,PLN,0.23201881
2022-03-19,PLN,0.23202555
2022-03-21,PLN,0.23201881
2022-03-22,PLN,0.2320173
2022-03-23,PLN,0.23201696
2022-03-24,PLN,0.23201831
2022-03-25,PLN,0.23202186
2022-03-28,PLN,0.23201739
2022-03-29,PLN,0.2320184
2022-03-30,PLN,0.23201683
2022-03-31,PLN,0.23201825
2022-04-01,PLN,0.23309963
2022-04-02,PLN,0.23306097
2022-04-04,PLN,0.2331008
2022-04-05,PLN,0.23310121
2022-04-06,PLN,0.23310104
2022-04-07,PLN,0.23309978
2022-04-08,PLN,0.23309801
2022-04-11,PLN,0.23310193
2022-04-12,PLN,0.23309961
2022-04-13,PLN,0.23310078
2022-04-14,PLN,0.23310115
2022-04-15,PLN,0.23310133
2022-04-17,PLN,0.23303335
2022-04-18,PLN,0.2331057
2022-04-19,PLN,0.23310048
2022-04-20,PLN,0.23310116
2022-04-21,PLN,0.23309933
2022-04-22,PLN,0.23310049
2022-04-25,PLN,0.23310032
2022-04-26,PLN,0.23309967
2022-04-27,PLN,0.23310192
2022-04-28,PLN,0.23310026
2022-04-29,PLN,0.2331022
2022-04-30,PLN,0.23309913
2022-05-01,PLN,0.22780155
2022-05-02,PLN,0.22778914
2022-05-04,PLN,0.22779077
2022-05-05,PLN,0.22778876
2022-05-06,PLN,0.22779483
2022-05-07,PLN,0.22778637
2022-05-09,PLN,0.22778977
2022-05-10,PLN,0.22779303
2022-05-11,PLN,0.22778743
2022-05-12,PLN,0.22779091
2022-05-13,PLN,0.22778861
2022-05-16,PLN,0.22779137
2022-05-17,PLN,0.22779055
2022-05-18,PLN,0.22778693
2022-05-19,PLN,0.22779105
2022-05-20,PLN,0.22779587
2022-05-21,PLN,0.22778834
2022-05-23,PLN,0.227792
2022-05-24,PLN,0.22778769
2022-05-25,PLN,0.22778861
2022-05-26,PLN,0.2277905
2022-05-27,PLN,0.22778851
2022-05-28,PLN,0.22778368
2022-05-30,PLN,0.22779046
2022-05-31,PLN,0.22779353
2022-06-01,PLN,0.22779102
2022-06-02,PLN,0.22779101
2022-06-03,PLN,0.22779044
2022-06-06,PLN,0.22779309
2022-06-07,PLN,0.2277887
2022-06-08,PLN,0.22778983
2022-06-09,PLN,0.22779135
2022-06-10,PLN,0.22779285
2022-06-11,PLN,0.22778779
2022-06-13,PLN,0.22778676
2022-06-14,PLN,0.22779129
2022-06-15,PLN,0.2277905
2022-06-16,PLN,0.22778347
2022-06-17,PLN,0.22779082
2022-06-18,PLN,0.22779651
2022-06-20,PLN,0.22778852
2022-06-21,PLN,0.22779189
2022-06-22,PLN,0.22778972
2022-06-23,PLN,0.22779108
2022-06-24,PLN,0.22779721
2022-06-25,PLN,0.22776422
2022-06-27,PLN,0.22779084
2022-06-28,PLN,0.22779063
2022-06-29,PLN,0.22779005
2022-06-30,PLN,0.22779055
2022-07-01,PLN,0.21459292
2022-07-02,PLN,0.21459489
2022-07-04,PLN,0.21458948
2022-07-05,PLN,0.21459064
2022-07-06,PLN,0.21459329
2022-07-07,PLN,0.21459337
2022-07-08,PLN,0.21458776
2022-07-09,PLN,0.21458954
2022-07-10,PLN,0.21459326
2022-07-11,PLN,0.21459229
2022-07-12,PLN,0.21459266
2022-07-13,PLN,0.21459162
2022-07-14,PLN,0.21459287
2022-07-15,PLN,0.21459153
2022-07-16,PLN,0.2145589
2022-07-18,PLN,0.21459298
2022-07-19,PLN,0.21459323
2022-07-20,PLN,0.21459147
2022-07-21,PLN,0.21459327
2022-07-22,PLN,0.21458965
2022-07-25,PLN,0.2145925
2022-07-26,PLN,0.21458988
2022-07-27,PLN,0.21459131
2022-07-28,PLN,0.21459226
2022-07-29,PLN,0.21458964
2022-07-30,PLN,0.21458825
2022-07-31,PLN,0.21456131
2022-08-01,PLN,0.21458793
2022-08-02,PLN,0.21459271
2022-08-03,PLN,0.21458976
2022-08-04,PLN,0.21459132
2022-08-05,PLN,0.21460257
2022-08-08,PLN,0.21459238
2022-08-09,PLN,0.21459033
2022-08-10,PLN,0.21459176
2022-08-11,PLN,0.21459057
2022-08-12,PLN,0.2145946
2022-08-16,PLN,0.21459272
2022-08-17,PLN,0.21458887
2022-08-18,PLN,0.2145906
2022-08-19,PLN,0.21459068
2022-08-22,PLN,0.21459214
2022-08-23,PLN,0.21459129
2022-08-24,PLN,0.21459118
2022-08-25,PLN,0.214589
2022-08-26,PLN,0.21459205
2022-08-28,PLN,0.21459052
2022-08-29,PLN,0.21459236
2022-08-30,PLN,0.21459086
2022-08-31,PLN,0.21459016
2022-09-01,PLN,0.20920289
2022-09-02,PLN,0.20920275
2022-09-03,PLN,0.20920829
2022-09-05,PLN,0.20920281
2022-09-06,PLN,0.20920026
2022-09-07,PLN,0.20920648
2022-09-08,PLN,0.20920315
2022-09-09,PLN,0.20920563
2022-09-10,PLN,0.20920634
2022-09-12,PLN,0.209204
2022-09-13,PLN,0.20920298
2022-09-14,PLN,0.20920575
2022-09-15,PLN,0.20920273
2022-09-16,PLN,0.20920059
2022-09-18,PLN,0.20916721
2022-09-19,PLN,0.20920478
2022-09-20,PLN,0.20920539
2022-09-21,PLN,0.20920617
2022-09-22,PLN,0.20920402
2022-09-23,PLN,0.20920424
2022-09-25,PLN,0.20920414
2022-09-26,PLN,0.20920224
2022-09-27,PLN,0.20920359
2022-09-28,PLN,0.20920493
2022-09-29,PLN,0.20920494
2022-09-30,PLN,0.20920487
2022-10-03,PLN,0.20491822
2022-10-04,PLN,0.20491747
2022-10-05,PLN,0.20491795
2022-10-06,PLN,0.20491821
2022-10-07,PLN,0.20491227
2022-10-10,PLN,0.20491862
2022-10-11,PLN,0.20491851
2022-10-12,PLN,0.20491453
2022-10-13,PLN,0.20491832
2022-10-14,PLN,0.20491618
2022-10-17,PLN,0.20491768
2022-10-18,PLN,0.20491812
2022-10-19,PLN,0.20491585
2022-10-20,PLN,0.20491817
2022-10-21,PLN,0.20491348
2022-10-24,PLN,0.20491898
2022-10-25,PLN,0.20491694
2022-10-26,PLN,0.20491787
2022-10-27,PLN,0.20491972
2022-10-28,PLN,0.20491872
2022-10-31,PLN,0.20491875
2022-11-02,PLN,0.21786295
2022-11-03,PLN,0.21786304
2022-11-04,PLN,0.21786356
2022-11-07,PLN,0.21786494
2022-11-08,PLN,0.21786298
2022-11-09,PLN,0.21786448
2022-11-10,PLN,0.21786557
2022-11-14,PLN,0.21786396
2022-11-15,PLN,0.21786439
2022-11-16,PLN,0.21785813
2022-11-17,PLN,0.21786364
2022-11-18,PLN,0.21786486
2022-11-21,PLN,0.21786584
2022-11-22,PLN,0.2178657
2022-11-23,PLN,0.21786488
2022-11-24,PLN,0.21786541
2022-11-25,PLN,0.217865
2022-11-26,PLN,0.21786299
2022-11-28,PLN,0.21786323
2022-11-29,PLN,0.21786389
2022-11-30,PLN,0.21786919
2022-12-01,PLN,0.22675732
2022-12-02,PLN,0.22675689
2022-12-05,PLN,0.22675997
2022-12-06,PLN,0.22675638
2022-12-07,PLN,0.22675554
2022-12-08,PLN,0.22675536
2022-12-09,PLN,0.22675674
2022-12-12,PLN,0.22675818
2022-12-13,PLN,0.22675773
2022-12-14,PLN,0.22676344
2022-12-15,PLN,0.22675858
2022-12-16,PLN,0.22675833
2022-12-19,PLN,0.22675724
2022-12-20,PLN,0.22675746
2022-12-21,PLN,0.2267585
2022-12-22,PLN,0.22675651
2022-12-23,PLN,0.22675222
2022-12-25,PLN,0.22675402
2022-12-27,PLN,0.22675965
2022-12-28,PLN,0.22675731
2022-12-29,PLN,0.22675668
2022-12-30,PLN,0.22675897
2023-01-02,PLN,0.23094729
2023-01-03,PLN,0.2309459
2023-01-04,PLN,0.23094548
2023-01-05,PLN,0.2309454
2023-01-06,PLN,0.23098782
2023-01-09,PLN,0.23094797
2023-01-10,PLN,0.23094803
2023-01-11,PLN,0.23094681
2023-01-12,PLN,0.23094652
2023-01-13,PLN,0.23094699
2023-01-14,PLN,0.23094613
2023-01-15,PLN,0.2309472
2023-01-16,PLN,0.23094689
2023-01-17,PLN,0.23094643
2023-01-18,PLN,0.23094767
2023-01-19,PLN,0.23094785
2023-01-20,PLN,0.23094798
2023-01-23,PLN,0.23094625
2023-01-24,PLN,0.23094701
2023-01-25,PLN,0.23094914
2023-01-26,PLN,0.23094655
2023-01-27,PLN,0.23094662
2023-01-28,PLN,0.23094945
2023-01-30,PLN,0.23094962
2023-01-31,PLN,0.23094694
2023-02-01,PLN,0.22573613
2023-02-02,PLN,0.22573436
2023-02-03,PLN,0.22573728
2023-02-06,PLN,0.22573392
2023-02-07,PLN,0.22573508
2023-02-08,PLN,0.22573279
2023-02-09,PLN,0.22573267
2023-02-10,PLN,0.22573899
2023-02-13,PLN,0.22573515
2023-02-14,PLN,0.22573406
2023-02-15,PLN,0.22573392
2023-02-16,PLN,0.22573669
2023-02-17,PLN,0.22574245
2023-02-18,PLN,0.22573348
2023-02-20,PLN,0.22573514
2023-02-21,PLN,0.22573401
2023-02-22,PLN,0.22573837
2023-02-23,PLN,0.22573401
2023-02-24,PLN,0.22573032
2023-02-26,PLN,0.22572181
2023-02-27,PLN,0.22573357
2023-02-28,PLN,0.22573966
2023-03-01,PLN,0.22883323
2023-03-02,PLN,0.22883529
2023-03-03,PLN,0.22883257
2023-03-06,PLN,0.22883408
2023-03-07,PLN,0.22883375
2023-03-08,PLN,0.22883632
2023-03-09,PLN,0.22883451
2023-03-10,PLN,0.22882862
2023-03-13,PLN,0.22883576
2023-03-14,PLN,0.22883376
2023-03-15,PLN,0.22883271
2023-03-16,PLN,0.22883326
2023-03-17,PLN,0.22883553
2023-03-20,PLN,0.22883605
2023-03-21,PLN,0.22883213
2023-03-22,PLN,0.22883242
2023-03-23,PLN,0.22883453
2023-03-24,PLN,0.22883595
2023-03-26,PLN,0.22883517
2023-03-27,PLN,0.22883394
2023-03-28,PLN,0.22883293
2023-03-29,PLN,0.22883256
2023-03-30,PLN,0.22883206
2023-03-31,PLN,0.22883368
2023-04-03,PLN,0.23640636
2023-04-04,PLN,0.23640738
2023-04-05,PLN,0.2364066
2023-04-06,PLN,0.2364064
2023-04-07,PLN,0.23640016
2023-04-11,PLN,0.23640942
2023-04-12,PLN,0.23640608
2023-04-13,PLN,0.23640579
2023-04-14,PLN,0.23640539
2023-04-17,PLN,0.23640653
2023-04-18,PLN,0.23640686
2023-04-19,PLN,0.23640654
2023-04-20,PLN,0.23640333
2023-04-21,PLN,0.2364076
2023-04-24,PLN,0.23640614
2023-04-25,PLN,0.23640612
2023-04-26,PLN,0.23640589
2023-04-27,PLN,0.23640638
2023-04-28,PLN,0.23640789
2023-04-30,PLN,0.236408
2023-05-02,PLN,0.23980903
2023-05-04,PLN,0.23981118
2023-05-05,PLN,0.23980598
2023-05-08,PLN,0.239807
2023-05-09,PLN,0.23980768
2023-05-10,PLN,0.23980906
2023-05-11,PLN,0.23980976
2023-05-12,PLN,0.23981006
2023-05-13,PLN,0.23982566
2023-05-15,PLN,0.23980756
2023-05-16,PLN,0.23980833
2023-05-17,PLN,0.23980926
2023-05-18,PLN,0.23980738
2023-05-19,PLN,0.23981315
2023-05-22,PLN,0.23980998
2023-05-23,PLN,0.2398074
2023-05-24,PLN,0.23981289
2023-05-25,PLN,0.23980774
2023-05-26,PLN,0.23982323
2023-05-27,PLN,0.23981008
2023-05-29,PLN,0.23980856
2023-05-30,PLN,0.2398103
2023-05-31,PLN,0.23980994
2023-06-01,PLN,0.24330784
2023-06-02,PLN,0.24330706
2023-06-05,PLN,0.24330896
2023-06-06,PLN,0.24330797
2023-06-07,PLN,0.24330972
2023-06-09,PLN,0.24330869
2023-06-10,PLN,0.24330705
2023-06-11,PLN,0.24328025
2023-06-12,PLN,0.24330743
2023-06-13,PLN,0.24330741
2023-06-14,PLN,0.24331022
2023-06-15,PLN,0.24330901
2023-06-16,PLN,0.24330931
2023-06-17,PLN,0.24332636
2023-06-19,PLN,0.24330602
2023-06-20,PLN,0.24330917
2023-06-21,PLN,0.24331038
2023-06-22,PLN,0.24330347
2023-06-23,PLN,0.24330985
2023-06-24,PLN,0.24330675
2023-06-26,PLN,0.24330602
2023-06-27,PLN,0.24331137
2023-06-28,PLN,0.24330875
2023-06-29,PLN,0.2433105
2023-06-30,PLN,0.2433092
2023-07-01,PLN,0.24937904
2023-07-03,PLN,0.24937475
2023-07-04,PLN,0.24937594
2023-07-05,PLN,0.24937537
2023-07-06,PLN,0.24937728
2023-07-07,PLN,0.24937698
2023-07-10,PLN,0.24937669
2023-07-11,PLN,0.24937594
2023-07-12,PLN,0.24937697
2023-07-13,PLN,0.24937374
2023-07-14,PLN,0.24937604
2023-07-17,PLN,0.24937536
2023-07-18,PLN,0.24937766
2023-07-19,PLN,0.24937615
2023-07-20,PLN,0.24937749
2023-07-21,PLN,0.24937746
2023-07-24,PLN,0.24937552
2023-07-25,PLN,0.249377
2023-07-26,PLN,0.24937668
2023-07-27,PLN,0.24937699
2023-07-28,PLN,0.24937102
2023-07-31,PLN,0.24937669
2023-08-01,PLN,0.24509744
2023-08-02,PLN,0.24509903
2023-08-03,PLN,0.24509644
2023-08-04,PLN,0.2450984
2023-08-07,PLN,0.24509718
2023-08-08,PLN,0.2450975
2023-08-09,PLN,0.24509752
2023-08-10,PLN,0.24509823
2023-08-11,PLN,0.24509733
2023-08-14,PLN,0.24510096
2023-08-15,PLN,0.24509476
2023-08-16,PLN,0.24510708
2023-08-17,PLN,0.24510163
2023-08-18,PLN,0.24510222
2023-08-21,PLN,0.24509826
2023-08-22,PLN,0.24509794
2023-08-23,PLN,0.24509681
2023-08-24,PLN,0.24509975
2023-08-25,PLN,0.24509702
2023-08-28,PLN,0.24508885
2023-08-29,PLN,0.24509664
2023-08-30,PLN,0.245094
2023-08-31,PLN,0.24509521
2023-09-01,PLN,0.23255897
2023-09-04,PLN,0.23255782
2023-09-05,PLN,0.23255772
2023-09-06,PLN,0.23256008
2023-09-07,PLN,0.23255782
2023-09-08,PLN,0.23255964
2023-09-11,PLN,0.23255722
2023-09-12,PLN,0.23255915
2023-09-13,PLN,0.23256037
2023-09-14,PLN,0.2325549
2023-09-15,PLN,0.23255001
2023-09-16,PLN,0.23259936
2023-09-18,PLN,0.23255794
2023-09-19,PLN,0.23255918
2023-09-20,PLN,0.23255811
2023-09-21,PLN,0.23254978
2023-09-22,PLN,0.23255775
2023-09-25,PLN,0.23255786
2023-09-26,PLN,0.23256019
2023-09-27,PLN,0.23255641
2023-09-28,PLN,0.23255765
2023-09-29,PLN,0.23255636
2023-10-02,PLN,0.23474251
2023-10-03,PLN,0.23474455
2023-10-04,PLN,0.23474328
2023-10-05,PLN,0.23474088
2023-10-06,PLN,0.23473306
2023-10-09,PLN,0.23474176
2023-10-10,PLN,0.23473623
2023-10-11,PLN,0.2347412
2023-10-12,PLN,0.23474134
2023-10-13,PLN,0.234735
2023-10-16,PLN,0.23475311
2023-10-17,PLN,0.23474267
2023-10-18,PLN,0.23474179
2023-10-19,PLN,0.23474723
2023-10-20,PLN,0.2347416
2023-10-23,PLN,0.23474131
2023-10-24,PLN,0.23474301
2023-10-25,PLN,0.23474532
2023-10-26,PLN,0.23474175
2023-10-27,PLN,0.23474227
2023-10-29,PLN,0.23474824
2023-10-30,PLN,0.23474238
2023-10-31,PLN,0.23474018
2023-11-01,PLN,0.24631979
2023-11-02,PLN,0.24630559
2023-11-03,PLN,0.24630597
2023-11-04,PLN,0.24632839
2023-11-06,PLN,0.24630417
2023-11-07,PLN,0.2463053
2023-11-08,PLN,0.2463073
2023-11-09,PLN,0.24630531
2023-11-13,PLN,0.24630625
2023-11-14,PLN,0.24630594
2023-11-15,PLN,0.24630476
2023-11-16,PLN,0.24630626
2023-11-17,PLN,0.24631258
2023-11-18,PLN,0.24632793
2023-11-19,PLN,0.24630584
2023-11-20,PLN,0.24630526
2023-11-21,PLN,0.24630758
2023-11-22,PLN,0.24630814
2023-11-23,PLN,0.24630478
2023-11-24,PLN,0.24631106
2023-11-27,PLN,0.24630676
2023-11-28,PLN,0.24630665
2023-11-29,PLN,0.24630625
2023-11-30,PLN,0.24630704
2023-12-01,PLN,0.25252593
2023-12-04,PLN,0.25252618
2023-12-05,PLN,0.25252571
2023-12-06,PLN,0.25252514
2023-12-07,PLN,0.25252424
2023-12-08,PLN,0.25252509
2023-12-11,PLN,0.25252616
2023-12-12,PLN,0.2525277
2023-12-13,PLN,0.25252448
2023-12-14,PLN,0.25252773
2023-12-15,PLN,0.25253045
2023-12-18,PLN,0.25253255
2023-12-19,PLN,0.25252538
2023-12-20,PLN,0.25252599
2023-12-21,PLN,0.25252626
2023-12-22,PLN,0.25252608
2023-12-27,PLN,0.25252673
2023-12-28,PLN,0.25252529
2023-12-29,PLN,0.25252734
2024-01-01,PLN,0.24937045
2024-01-02,PLN,0.24937619
2024-01-03,PLN,0.24937507
2024-01-04,PLN,0.24937563
2024-01-05,PLN,0.24936928
2024-01-07,PLN,0.24937777
2024-01-08,PLN,0.24937517
2024-01-09,PLN,0.24937694
2024-01-10,PLN,0.24937485
2024-01-11,PLN,0.24937455
2024-01-12,PLN,0.24937497
2024-01-15,PLN,0.24937644
2024-01-16,PLN,0.24937651
2024-01-17,PLN,0.24937774
2024-01-18,PLN,0.24937553
2024-01-19,PLN,0.2493736
2024-01-22,PLN,0.24937538
2024-01-23,PLN,0.24937853
2024-01-24,PLN,0.24937565
2024-01-25,PLN,0.24937648
2024-01-26,PLN,0.24937182
2024-01-28,PLN,0.24939788
2024-01-29,PLN,0.24937708
2024-01-30,PLN,0.24937564
2024-01-31,PLN,0.24937588
2024-02-01,PLN,0.25000017
2024-02-02,PLN,0.25000021
2024-02-05,PLN,0.24999957
2024-02-06,PLN,0.249999
2024-02-07,PLN,0.25000017
2024-02-08,PLN,0.25000007
2024-02-09,PLN,0.25000384
2024-02-12,PLN,0.2500003
2024-02-13,PLN,0.25000113
2024-02-14,PLN,0.25000141
2024-02-15,PLN,0.25000168
2024-02-16,PLN,0.25000032
2024-02-19,PLN,0.25000042
2024-02-20,PLN,0.25000155
2024-02-21,PLN,0.24999973
2024-02-22,PLN,0.2499998
2024-02-23,PLN,0.25000033
2024-02-26,PLN,0.25000073
2024-02-27,PLN,0.24999978
2024-02-28,PLN,0.25000073
2024-02-29,PLN,0.25000096
2024-03-01,PLN,0.2525262
2024-03-03,PLN,0.25253755
2024-03-04,PLN,0.25252527
2024-03-05,PLN,0.25252636
2024-03-06,PLN,0.25252523
2024-03-07,PLN,0.25252518
2024-03-08,PLN,0.25253079
2024-03-09,PLN,0.25251674
2024-03-11,PLN,0.25252422
2024-03-12,PLN,0.2525259
2024-03-13,PLN,0.25252416
2024-03-14,PLN,0.25252602
2024-03-15,PLN,0.25252795
2024-03-18,PLN,0.25252619
2024-03-19,PLN,0.25252728
2024-03-20,PLN,0.25252683
2024-03-21,PLN,0.25252725
2024-03-22,PLN,0.25252459
2024-03-25,PLN,0.25252674
2024-03-26,PLN,0.25252679
2024-03-27,PLN,0.25252646
2024-03-28,PLN,0.25252639
2024-03-29,PLN,0.25252817
2024-04-02,PLN,0.24937719
2024-04-03,PLN,0.24937696
2024-04-04,PLN,0.24937789
2024-04-05,PLN,0.24937626
2024-04-07,PLN,0.24937612
2024-04-08,PLN,0.24937639
2024-04-09,PLN,0.24937604
2024-04-10,PLN,0.24937556
2024-04-11,PLN,0.24937601
2024-04-12,PLN,0.24938047
2024-04-15,PLN,0.24937502
2024-04-16,PLN,0.24937513
2024-04-17,PLN,0.24937594
2024-04-18,PLN,0.24937519
2024-04-19,PLN,0.24937753
2024-04-22,PLN,0.24937529
2024-04-23,PLN,0.2493757
2024-04-24,PLN,0.24937809
2024-04-25,PLN,0.24937733
2024-04-26,PLN,0.24937171
2024-04-29,PLN,0.2493773
2024-04-30,PLN,0.24937798
2024-05-02,PLN,0.25252711
2024-05-06,PLN,0.25252537
2024-05-07,PLN,0.25252522
2024-05-08,PLN,0.25252588
2024-05-09,PLN,0.25253125
2024-05-10,PLN,0.25252632
2024-05-13,PLN,0.25252586
2024-05-14,PLN,0.25252668
2024-05-15,PLN,0.25252616
2024-05-16,PLN,0.25252699
2024-05-17,PLN,0.2525323
2024-05-20,PLN,0.25252409
2024-05-21,PLN,0.2525253
2024-05-22,PLN,0.25252667
2024-05-23,PLN,0.25252662
2024-05-24,PLN,0.25252276
2024-05-27,PLN,0.25252646
2024-05-28,PLN,0.25252576
2024-05-29,PLN,0.25252636
2024-05-30,PLN,0.25252602
2024-05-31,PLN,0.25252744
2024-06-03,PLN,0.24937635
2024-06-04,PLN,0.24937626
2024-06-05,PLN,0.24937605
2024-06-06,PLN,0.24937565
2024-06-07,PLN,0.24937504
2024-06-10,PLN,0.24937523
2024-06-11,PLN,0.24937546
2024-06-12,PLN,0.24937654
2024-06-13,PLN,0.24937509
2024-06-14,PLN,0.24937956
2024-06-17,PLN,0.24937575
2024-06-18,PLN,0.24937784
2024-06-19,PLN,0.24937157
2024-06-20,PLN,0.24937691
2024-06-21,PLN,0.2493836
2024-06-22,PLN,0.24938201
2024-06-24,PLN,0.2493751
2024-06-25,PLN,0.24937456
2024-06-26,PLN,0.24937844
2024-06-27,PLN,0.24937621
2024-06-28,PLN,0.24937507
2024-06-29,PLN,0.24938378
2024-06-30,PLN,0.24939156
2024-07-01,PLN,0.25380822
2024-07-02,PLN,0.25380879
2024-07-03,PLN,0.25380348
2024-07-04,PLN,0.25380759
2024-07-05,PLN,0.25380763
2024-07-08,PLN,0.25380343
2024-07-09,PLN,0.25380589
2024-07-10,PLN,0.25380809
2024-07-11,PLN,0.25380728
2024-07-12,PLN,0.2538023
2024-07-15,PLN,0.25380673
2024-07-16,PLN,0.25380444
2024-07-17,PLN,0.25380388
2024-07-18,PLN,0.25380632
2024-07-19,PLN,0.25381289
2024-07-22,PLN,0.25380522
2024-07-23,PLN,0.25380551
2024-07-24,PLN,0.25380619
2024-07-25,PLN,0.25380748
2024-07-26,PLN,0.25379988
2024-07-27,PLN,0.25382367
2024-07-29,PLN,0.25380672
2024-07-30,PLN,0.25380992
2024-07-31,PLN,0.25380329
2024-08-01,PLN,0.25706907
2024-08-02,PLN,0.25706878
2024-08-05,PLN,0.25706938
2024-08-06,PLN,0.25706884
2024-08-07,PLN,0.25707024
2024-08-08,PLN,0.25706912
2024-08-09,PLN,0.25707097
2024-08-12,PLN,0.25707343
2024-08-13,PLN,0.25706906
2024-08-14,PLN,0.2570677
2024-08-16,PLN,0.2570708
2024-08-19,PLN,0.25707065
2024-08-20,PLN,0.25706791
2024-08-21,PLN,0.25706762
2024-08-22,PLN,0.25706793
2024-08-23,PLN,0.25706942
2024-08-26,PLN,0.2570693
2024-08-27,PLN,0.25707129
2024-08-28,PLN,0.25707009
2024-08-29,PLN,0.25706802
2024-08-30,PLN,0.25707937
2024-08-31,PLN,0.25706177
2024-09-02,PLN,0.25974178
2024-09-03,PLN,0.25973898
2024-09-04,PLN,0.25974066
2024-09-05,PLN,0.2597396
2024-09-06,PLN,0.25974075
2024-09-09,PLN,0.25973995
2024-09-10,PLN,0.25974018
2024-09-11,PLN,0.25973932
2024-09-12,PLN,0.25974308
2024-09-13,PLN,0.25974569
2024-09-15,PLN,0.25974367
2024-09-16,PLN,0.25973757
2024-09-17,PLN,0.25974247
2024-09-18,PLN,0.25974088
2024-09-19,PLN,0.25973869
2024-09-20,PLN,0.25973931
2024-09-22,PLN,0.25973692
2024-09-23,PLN,0.25974131
2024-09-24,PLN,0.25974032
2024-09-25,PLN,0.25973918
2024-09-26,PLN,0.25974164
2024-09-27,PLN,0.25974839
2024-09-30,PLN,0.25973752
2024-10-01,PLN,0.25252571
2024-10-02,PLN,0.25252633
2024-10-03,PLN,0.2525246
2024-10-04,PLN,0.25253605
2024-10-07,PLN,0.25252682
2024-10-08,PLN,0.25252733
2024-10-09,PLN,0.25252672
2024-10-10,PLN,0.25252733
2024-10-11,PLN,0.25253204
2024-10-14,PLN,0.25252547
2024-10-15,PLN,0.25252308
2024-10-16,PLN,0.25252562
2024-10-17,PLN,0.25252449
2024-10-18,PLN,0.25252611
2024-10-21,PLN,0.25253075
2024-10-22,PLN,0.25252675
2024-10-23,PLN,0.25252471
2024-10-24,PLN,0.25252628
2024-10-25,PLN,0.25252754
2024-10-26,PLN,0.25251773
2024-10-28,PLN,0.25252835
2024-10-29,PLN,0.2525252
2024-10-30,PLN,0.25252783
2024-10-31,PLN,0.25252798
2024-11-02,PLN,0.24510225
2024-11-04,PLN,0.2450979
2024-11-05,PLN,0.24509795
2024-11-06,PLN,0.24509725
2024-11-07,PLN,0.24509615
2024-11-08,PLN,0.24511391
2024-11-11,PLN,0.24510225
2024-11-12,PLN,0.24509911
2024-11-13,PLN,0.24509656
2024-11-14,PLN,0.24509938
2024-11-15,PLN,0.24509903
2024-11-16,PLN,0.24510886
2024-11-17,PLN,0.24509226
2024-11-18,PLN,0.24509592
2024-11-19,PLN,0.2450982
2024-11-20,PLN,0.24509739
2024-11-21,PLN,0.24509858
2024-11-22,PLN,0.24509944
2024-11-25,PLN,0.24509944
2024-11-26,PLN,0.24510177
2024-11-27,PLN,0.24509725
2024-11-28,PLN,0.24509372
2024-11-29,PLN,0.24509885
2024-11-30,PLN,0.24508738
2024-12-02,PLN,0.24570037
2024-12-03,PLN,0.24569294
2024-12-04,PLN,0.24569962
2024-12-05,PLN,0.24570024
2024-12-06,PLN,0.24570419
2024-12-09,PLN,0.24570025
2024-12-10,PLN,0.24569224
2024-12-11,PLN,0.24570182
2024-12-12,PLN,0.24570088
2024-12-13,PLN,0.24570421
2024-12-16,PLN,0.24569775
2024-12-17,PLN,0.24569894
2024-12-18,PLN,0.24569936
2024-12-19,PLN,0.24570062
2024-12-20,PLN,0.24570325
2024-12-21,PLN,0.24572299
2024-12-23,PLN,0.24569342
2024-12-24,PLN,0.24569979
2024-12-27,PLN,0.24570258
2024-12-28,PLN,0.24570202
2024-12-30,PLN,0.24570288
2024-12-31,PLN,0.24570376
2025-01-02,PLN,0.24390189
2025-01-03,PLN,0.24390574
2025-01-04,PLN,0.24392153
2025-01-07,PLN,0.24390337
2025-01-08,PLN,0.24390195
2025-01-09,PLN,0.24390001
2025-01-10,PLN,0.24390283
2025-01-11,PLN,0.24392682
2025-01-13,PLN,0.24390234
2025-01-14,PLN,0.24390155
2025-01-15,PLN,0.24390506
2025-01-16,PLN,0.24389901
2025-01-17,PLN,0.24390668
2025-01-18,PLN,0.24390102
2025-01-20,PLN,0.24390126
2025-01-21,PLN,0.24390245
2025-01-22,PLN,0.2438994
2025-01-23,PLN,0.24390282
2025-01-24,PLN,0.24390661
2025-01-27,PLN,0.24390158
2025-01-28,PLN,0.24390328
2025-01-29,PLN,0.24390564
2025-01-30,PLN,0.24390346
2025-01-31,PLN,0.24390641
2025-02-02,PLN,0.24938104
2025-02-03,PLN,0.24937569
2025-02-04,PLN,0.24937682
2025-02-05,PLN,0.24937601
2025-02-06,PLN,0.24937651
2025-02-07,PLN,0.24937795
2025-02-08,PLN,0.24938175
2025-02-10,PLN,0.24937694
2025-02-11,PLN,0.24937387
2025-02-12,PLN,0.24937772
2025-02-13,PLN,0.24938195
2025-02-14,PLN,0.24937653
2025-02-15,PLN,0.24937729
2025-02-17,PLN,0.24937675
2025-02-18,PLN,0.24938289
2025-02-19,PLN,0.24937683
2025-02-20,PLN,0.24937372
2025-02-21,PLN,0.24937597
2025-02-22,PLN,0.24941643
2025-02-24,PLN,0.2493764
2025-02-25,PLN,0.24937456
2025-02-26,PLN,0.24938003
2025-02-27,PLN,0.24937657
2025-02-28,PLN,0.24938092
2025-03-01,PLN,0.25839197
2025-03-03,PLN,0.25840019
2025-03-04,PLN,0.25839751
2025-03-05,PLN,0.25840846
2025-03-06,PLN,0.25839407
2025-03-07,PLN,0.25839788
2025-03-10,PLN,0.25840145
2025-03-11,PLN,0.25839766
2025-03-12,PLN,0.25839968
2025-03-13,PLN,0.25840247
2025-03-14,PLN,0.25839191
2025-03-15,PLN,0.2584006
2025-03-17,PLN,0.25839742
2025-03-18,PLN,0.25839741
2025-03-19,PLN,0.25839815
2025-03-20,PLN,0.25839948
2025-03-21,PLN,0.2583985
2025-03-24,PLN,0.2583983
2025-03-25,PLN,0.25839979
2025-03-26,PLN,0.25839956
2025-03-27,PLN,0.25839983
2025-03-28,PLN,0.2583988
2025-03-31,PLN,0.25839942
2025-04-01,PLN,0.26315765
2025-04-02,PLN,0.26315392
2025-04-03,PLN,0.26315516
2025-04-04,PLN,0.26316581
2025-04-05,PLN,0.26315616
2025-04-07,PLN,0.26315679
2025-04-08,PLN,0.26315836
2025-04-09,PLN,0.26316274
2025-04-10,PLN,0.26315811
2025-04-11,PLN,0.26315549
2025-04-14,PLN,0.26315714
2025-04-15,PLN,0.26316086
2025-04-16,PLN,0.26315849
2025-04-17,PLN,0.26315706
2025-04-18,PLN,0.26315865
2025-04-19,PLN,0.26318425
2025-04-20,PLN,0.26314958
2025-04-21,PLN,0.26319899
2025-04-22,PLN,0.26315852
2025-04-23,PLN,0.26315725
2025-04-24,PLN,0.26315726
2025-04-25,PLN,0.26316478
2025-04-27,PLN,0.26311284
2025-04-28,PLN,0.26315937
2025-04-29,PLN,0.26315741
2025-04-30,PLN,0.26317156
2025-05-02,PLN,0.26525204
2025-05-05,PLN,0.26525393
2025-05-06,PLN,0.26525093
2025-05-07,PLN,0.26525143
2025-05-08,PLN,0.26525313
2025-05-09,PLN,0.26525542
2025-05-10,PLN,0.26524174
2025-05-12,PLN,0.26524992
2025-05-13,PLN,0.26524768
2025-05-14,PLN,0.2652518
2025-05-15,PLN,0.26525351
2025-05-16,PLN,0.26525004
2025-05-19,PLN,0.26525386
2025-05-20,PLN,0.26525218
2025-05-21,PLN,0.26525278
2025-05-22,PLN,0.26525141
2025-05-23,PLN,0.26524901
2025-05-24,PLN,0.26521167
2025-05-26,PLN,0.26525393
2025-05-27,PLN,0.26524469
2025-05-28,PLN,0.2652547
2025-05-29,PLN,0.26526245
2025-05-30,PLN,0.26525273
2025-05-31,PLN,0.26524755
2025-06-01,PLN,0.27027465
2025-06-02,PLN,0.270268
2025-06-03,PLN,0.27026862
2025-06-04,PLN,0.27026451
2025-06-05,PLN,0.27026971
2025-06-06,PLN,0.27026969
2025-06-07,PLN,0.27027034
2025-06-09,PLN,0.27026815
2025-06-10,PLN,0.27027029
2025-06-11,PLN,0.27027024
2025-06-12,PLN,0.27027161
2025-06-13,PLN,0.27027091
2025-06-14,PLN,0.27027943
2025-06-16,PLN,0.27026793
2025-06-17,PLN,0.27026843
2025-06-18,PLN,0.2702669
2025-06-20,PLN,0.27027563
2025-06-21,PLN,0.27027333
2025-06-23,PLN,0.27027023
2025-06-24,PLN,0.27026989
2025-06-25,PLN,0.27026814
2025-06-26,PLN,0.27027099
2025-06-27,PLN,0.27026797
2025-06-30,PLN,0.27026475
2025-07-01,PLN,0.27472553
2025-07-02,PLN,0.27472518
2025-07-03,PLN,0.27472738
2025-07-04,PLN,0.27473098
2025-07-07,PLN,0.27472934
2025-07-08,PLN,0.27472703
2025-07-09,PLN,0.27472559
2025-07-10,PLN,0.27472655
2025-07-11,PLN,0.27472857
2025-07-12,PLN,0.27472554
2025-07-14,PLN,0.27471857
2025-07-15,PLN,0.2747262
2025-07-16,PLN,0.27472988
2025-07-17,PLN,0.27472456
2025-07-18,PLN,0.27472117
2025-07-19,PLN,0.27473742
2025-07-21,PLN,0.27472386
2025-07-22,PLN,0.2747237
2025-07-23,PLN,0.27472398
2025-07-24,PLN,0.27472129
2025-07-25,PLN,0.27472418
2025-07-26,PLN,0.27475632
2025-07-28,PLN,0.27472532
2025-07-29,PLN,0.27472474
2025-07-30,PLN,0.27472627
2025-07-31,PLN,0.27471642
2025-08-01,PLN,0.27322757
2025-08-02,PLN,0.2731918
2025-08-03,PLN,0.27324301
2025-08-04,PLN,0.27322555
2025-08-05,PLN,0.27322532
2025-08-06,PLN,0.2732226
2025-08-07,PLN,0.27322366
2025-08-08,PLN,0.27322346
2025-08-09,PLN,0.27323205
2025-08-11,PLN,0.27322423
2025-08-12,PLN,0.27322562
2025-08-13,PLN,0.27322562
2025-08-14,PLN,0.27322721
2025-08-16,PLN,0.27318232
2025-08-18,PLN,0.2732235
2025-08-19,PLN,0.27322522
2025-08-20,PLN,0.27322365
2025-08-21,PLN,0.27322488
2025-08-22,PLN,0.27322287
2025-08-25,PLN,0.27322558
2025-08-26,PLN,0.27322934
2025-08-27,PLN,0.27322532
2025-08-28,PLN,0.27322343
2025-08-29,PLN,0.27321665
2025-08-30,PLN,0.27320602
2025-08-31,PLN,0.27322174
2025-09-01,PLN,0.27548324
2025-09-02,PLN,0.27547668
2025-09-03,PLN,0.27548294
2025-09-04,PLN,0.27548624
2025-09-05,PLN,0.27548561
2025-09-06,PLN,0.27547725
2025-09-07,PLN,0.27545844
2025-09-08,PLN,0.27547975
2025-09-09,PLN,0.27548331
2025-09-10,PLN,0.27548356
2025-09-11,PLN,0.2754826
2025-09-12,PLN,0.2754837
2025-09-15,PLN,0.27548225
2025-09-16,PLN,0.27548324
2025-09-17,PLN,0.27548393
2025-09-18,PLN,0.27547912
2025-09-19,PLN,0.27548059
2025-09-20,PLN,0.27547909
2025-09-22,PLN,0.27547832
2025-09-23,PLN,0.2754843
2025-09-24,PLN,0.27548957
2025-09-25,PLN,0.27548327
2025-09-26,PLN,0.2754775
2025-09-27,PLN,0.27547576
2025-09-28,PLN,0.27546831
2025-09-29,PLN,0.27548351
2025-09-30,PLN,0.27547856
2025-10-01,PLN,0.27397354
2025-10-02,PLN,0.27397214
2025-10-03,PLN,0.27396967
2025-10-04,PLN,0.27397162
2025-10-06,PLN,0.27397984
2025-10-07,PLN,0.27397345
2025-10-08,PLN,0.27397168
2025-10-09,PLN,0.27397369
2025-10-10,PLN,0.27396942
2025-10-11,PLN,0.2739799
2025-10-13,PLN,0.27397227
2025-10-14,PLN,0.27397607
2025-10-15,PLN,0.27397499
2025-10-16,PLN,0.27397157
2025-10-17,PLN,0.27397295
2025-10-18,PLN,0.27399382
2025-10-20,PLN,0.27397161
2025-10-21,PLN,0.27397459
2025-10-22,PLN,0.27397529
2025-10-23,PLN,0.27396805
2025-10-24,PLN,0.27397295
2025-10-27,PLN,0.27398039
2025-10-28,PLN,0.27397355
2025-10-29,PLN,0.27397409
2025-10-30,PLN,0.27397271
2025-10-31,PLN,0.27396636
2025-11-01,PLN,0.27247893
2025-11-02,PLN,0.2724774
2025-11-03,PLN,0.2724802
2025-11-04,PLN,0.27248082
2025-11-05,PLN,0.27247889
2025-11-06,PLN,0.27247915
2025-11-07,PLN,0.27248293
2025-11-10,PLN,0.2725058
2025-11-12,PLN,0.27248098
2025-11-13,PLN,0.27248019
2025-11-14,PLN,0.2724802
2025-11-15,PLN,0.27247356
2025-11-17,PLN,0.27248033
2025-11-18,PLN,0.27248157
2025-11-19,PLN,0.27248141
2025-11-20,PLN,0.27247987
2025-11-21,PLN,0.27247958
2025-11-22,PLN,0.27250038
2025-11-24,PLN,0.27248216
2025-11-25,PLN,0.27248145
2025-11-26,PLN,0.27248142
2025-11-27,PLN,0.27247943
2025-11-28,PLN,0.27248626
2025-11-29,PLN,0.27248574
2025-12-01,PLN,0.27777913
2025-12-02,PLN,0.27777842
2025-12-03,PLN,0.27777935
2025-12-04,PLN,0.27777766
2025-12-05,PLN,0.2777551
2025-12-06,PLN,0.27777722
2025-12-07,PLN,0.27779554
2025-12-08,PLN,0.27777456
2025-12-09,PLN,0.27777737
2025-12-10,PLN,0.27777816
2025-12-11,PLN,0.27777827
2025-12-12,PLN,0.27777807
2025-12-15,PLN,0.27777717
2025-12-16,PLN,0.27777713
2025-12-17,PLN,0.27777787
2025-12-18,PLN,0.27777914
2025-12-19,PLN,0.27777464
2025-12-22,PLN,0.27777694
2025-12-23,PLN,0.27777754
2025-12-24,PLN,0.27777783
2025-12-28,PLN,0.27780734
2025-12-29,PLN,0.27777556
2025-12-30,PLN,0.27778203
2025-12-31,PLN,0.27778534
2026-01-01,PLN,0.27853259
2026-01-02,PLN,0.27855162
2026-01-03,PLN,0.2785529
2026-01-05,PLN,0.27855079
2026-01-07,PLN,0.27855274
2026-01-08,PLN,0.2785512
2026-01-09,PLN,0.27855215
2026-01-10,PLN,0.27855964
2026-01-12,PLN,0.27855245
2026-01-13,PLN,0.27855171
2026-01-14,PLN,0.27855905
2026-01-15,PLN,0.27855295
2026-01-16,PLN,0.27855339
2026-01-17,PLN,0.27855879
2026-01-19,PLN,0.27855082
2026-01-20,PLN,0.2785509
2026-01-21,PLN,0.27855178
2026-01-22,PLN,0.27855309
2026-01-23,PLN,0.27855604
2026-01-26,PLN,0.27855334
2026-01-27,PLN,0.27855088
2026-01-28,PLN,0.27855373
2026-01-29,PLN,0.27854902
2026-01-30,PLN,0.278549
2026-02-02,PLN,0.28089702
2026-02-03,PLN,0.28089912
2026-02-04,PLN,0.28089842
2026-02-05,PLN,0.28089929
2026-02-06,PLN,0.2808999
2026-02-07,PLN,0.28090726
2026-02-09,PLN,0.28089974
2026-02-10,PLN,0.28089941
2026-02-11,PLN,0.28089756
2026-02-12,PLN,0.28089917
2026-02-13,PLN,0.28089908
2026-02-14,PLN,0.28093373
2026-02-16,PLN,0.2809
2026-02-17,PLN,0.28090004
2026-02-18,PLN,0.28090111
2026-02-19,PLN,0.28089573
2026-02-20,PLN,0.28089933
2026-02-23,PLN,0.28089898
2026-02-24,PLN,0.28089961
2026-02-25,PLN,0.28090154
2026-02-26,PLN,0.28090046
2026-02-27,PLN,0.28089665
2026-02-28,PLN,0.28094509
2026-03-02,PLN,0.27026782
2026-03-03,PLN,0.27026878
2026-03-04,PLN,0.27026952
2026-03-05,PLN,0.2702695
2026-03-06,PLN,0.27026875
2026-03-09,PLN,0.2702689
2026-03-10,PLN,0.27026822
2026-03-11,PLN,0.27026896
2026-03-12,PLN,0.27026894
2026-03-13,PLN,0.2702658
2026-03-16,PLN,0.27026933
2026-03-17,PLN,0.27026454
2026-03-18,PLN,0.2702502
2026-03-19,PLN,0.2702684
2026-03-20,PLN,0.2702666
2026-03-21,PLN,0.27025681
2026-03-23,PLN,0.27027014
2026-03-24,PLN,0.27027118
2026-03-25,PLN,0.27027046
